idAuthorizedService,ServiceCompany,City,Phone,Email,Manager
1,Burns Ltd,Gilberthaven,001-968-920-9912x269,lindacross@meyer-hansen.com,Victoria Mckinney
2,"Patel, Alexander and King",New Reneeport,(678)401-7990x585,uallen@bautista.net,Christopher Williams
3,"Howard, Jimenez and Maldonado",North Emilyton,+1-516-871-9271x815,xdavenport@carpenter.com,Kaitlin Woods
4,Rodriguez-Dominguez,New Reneeport,001-718-392-8108x11034,laura40@barber.com,Kelly French
5,Terry Inc,Gilberthaven,001-743-275-2463,hornedeborah@harrison-kim.com,William Hawkins
6,Collins-Jackson,New David,910.903.7483,jfriedman@mann-long.net,Caroline Lam
7,Mckinney LLC,North Melissaside,(919)425-4747,kim34@chan.com,Henry Smith
8,"Guzman, Monroe and Green",Gilberthaven,(693)352-7555x6906,inelson@carney.com,Anthony Ramirez
9,Richardson-Wright,New David,429-565-1236x05973,billy52@hart.com,Christian Perez
10,Hansen Group,Gilberthaven,942.732.2477x0566,brett41@smith.com,Logan Lucas
11,Willis LLC,Port Denise,418-489-3925,kimberly65@adams.com,Cynthia Cook
12,"Shaw, Anthony and Brown",West Joseberg,871-661-6786x0016,matthewsmith@mcconnell.net,Ronald King
13,"Turner, Thompson and Thornton",Gilberthaven,777.990.4175x567,spotter@hicks.com,Scott Davidson
14,Porter-Love,North Emilyton,(580)665-5369,franklinjennifer@horn-santos.com,Amanda Wilson
15,Norman PLC,North Melissaside,(428)569-7331x391,samantharussell@lane-jensen.com,Glenn Cain
16,Johnson-Brandt,Port Denise,001-550-690-4986x147,tammytorres@jones.com,Charles Pruitt
17,"Zimmerman, Hood and Ayala",New Reneeport,893-744-8251x6684,asaunders@cox-wagner.info,Johnny Barrera
18,Harvey-Cox,South Angelicaport,(273)857-6427,yfloyd@roberts.com,Danielle Gonzalez
19,Jensen-Lopez,West Joseberg,776.205.6845x0714,ramirezmike@hughes.com,Shawna Aguirre
20,Lewis-Tran,Gilberthaven,329.522.8398,maria42@bean-yoder.com,Erica Pennington
21,"Vargas, Diaz and Glover",Port Denise,6686889398,grayjeffrey@young-ruiz.net,Richard Clay
22,Cruz Ltd,New Reneeport,636.443.3419x14152,hunterkatelyn@barton-ayala.org,Amanda Smith
23,Clayton Group,New Reneeport,+1-892-270-4083x5988,mcgeetiffany@maldonado.info,Samantha Lee
24,Villanueva-Rangel,West Joseberg,772.759.1746x2944,ericharris@coleman.net,Jennifer Arroyo
25,"George, Martin and Wong",North Melissaside,814-676-5195,lekayla@brown.com,Jesse Cantu
26,"Barker, Howard and Hill",Gilberthaven,201-811-3763x0190,kristy66@edwards.com,Maurice Pruitt
27,"Richardson, Smith and Clark",Brianborough,8663041133,courtney73@ball.com,Sheri Mosley
28,Green-Barrett,North Melissaside,770.682.4262x4618,jeremiah85@scott.com,Sandra Mendoza
29,Valentine-Stevens,West Joseberg,001-322-722-7717,torresmichael@allen-martin.com,Kayla Meyer
30,"Cortez, Benjamin and Thompson",New Reneeport,+1-381-405-8145x96445,timhansen@holloway-bass.com,Mr. Tyler Quinn II
31,"Butler, Owens and Keller",North Melissaside,001-996-555-6420x5855,jonesdana@gomez.com,Jason Coleman
32,Jones Inc,New David,(504)820-5340x54357,williamsonjamie@mckee.biz,Haley Powers
33,Sanders-Choi,New Reneeport,8114438266,xparker@briggs.biz,Phillip Smith
34,"Leonard, Nelson and Wilkerson",Port Denise,961.764.4510x352,jonathangray@palmer-mcfarland.org,Anna Smith
35,Christensen PLC,North Emilyton,706.518.1243x65081,tuckerrobyn@pierce-brady.com,Haley Douglas
36,"Solomon, Meadows and Hunt",Port Denise,(944)981-0690x3442,xhaynes@rush-jones.net,Todd Miller
37,Cruz-Contreras,Galvanstad,(950)516-1181x2972,terrydonald@moore-garcia.com,Ronald Weiss
38,"Fleming, Gibbs and Curtis",New David,+1-746-606-0529x466,anthonygriffith@schmidt.com,Jean Hunter
39,Chambers-Cox,Galvanstad,+1-830-853-9392x70916,carrbradley@acosta.com,Eric Howell
40,"Martin, Gonzalez and Sanders",New Reneeport,001-290-264-0650x685,reyesrobert@sosa-alvarado.com,Margaret Wallace
41,Ponce Ltd,South Angelicaport,001-206-999-4917x574,peterserica@williamson.info,Douglas Stevens
42,"Hammond, Torres and Moran",Galvanstad,+1-211-561-0095x9475,iroberts@thomas.com,Lindsey Black
43,Norton-Williams,Galvanstad,604.713.7283,rogerpacheco@flores.com,David Fitzpatrick
44,Hodges-Mendez,Brianborough,+1-341-625-1790,rholmes@bell-johnson.org,Gina Frye
45,Weaver and Sons,North Emilyton,(735)480-7388x183,cstevenson@scott.com,Mark Mullins
46,"Mitchell, Williams and Murphy",New David,+1-800-620-5642,natalie23@mueller-holland.com,Jeanette Burns
47,Fox and Sons,Port Denise,610.266.3591x0448,bcox@chapman.net,Sandra Harper
48,"Russell, Wilson and Miller",North Melissaside,889.962.8393,garzadebra@hodge.com,Elizabeth Noble
49,"Garcia, Martin and Vasquez",New David,001-745-843-1640x924,mdavis@garza-burnett.com,Anthony Smith
50,Walker Ltd,Galvanstad,706.373.1110x28414,angela54@santos-perez.net,Robin Hunt
51,Ramirez-Walters,North Emilyton,442-371-3317x35026,william64@miranda.com,Carolyn Sutton
52,Johnson and Sons,South Angelicaport,933.875.7045x57623,rbrown@cook.com,Kristen Evans
53,"Chen, Reyes and Erickson",New David,600-509-4130x2720,sheri15@baker.com,Tyler Klein
54,Richardson LLC,West Joseberg,401-597-9560x8151,ekramer@stevens.info,Shannon Davis
55,"Chapman, Williams and Snyder",New Reneeport,996.622.6910x78883,anna11@ochoa.com,Brenda Perez
56,Perry and Sons,North Emilyton,781.439.7083,osellers@duran.biz,Eugene Barker
57,"Smith, Bentley and Clay",Port Denise,861.606.7853,connie25@moran.info,Christopher Drake
58,Keith Ltd,North Emilyton,8218250171,mitchell69@berry.info,Garrett Riley
59,Miller-Williams,North Emilyton,838-718-5038x76281,harrisondanielle@rich.org,Michael Carroll
60,"Baker, Brown and Ray",New David,(344)280-0472,lopezsandy@lambert.com,Michael Lee
61,Watts Inc,North Melissaside,(965)950-2188,richard97@hart.info,John Sanchez
62,Sanders-Morgan,New Reneeport,205-747-9724x6881,bethhughes@jackson.biz,Brandi Williams
63,Snow-Wiggins,North Emilyton,(410)490-2657,juanfisher@hill.net,Danielle Baker
64,"Weber, Rosario and Smith",Galvanstad,001-541-921-1579x8496,imathis@ward.com,Daniel Boone
65,Mora-Hanna,Brianborough,556-568-3784,michaelfloyd@hall.com,Melinda Olsen
66,Thompson-Jones,West Joseberg,911.729.4647,marshallcory@bowman.com,Jason Hanson
67,Roberson-Jones,Brianborough,436-893-4097x1957,youngheather@allen-williams.info,Matthew Lin
68,"Tucker, Day and Smith",North Emilyton,(637)765-9897,hclarke@scott.org,Rhonda Castillo
69,"Brooks, Evans and Reid",West Joseberg,(687)645-3987x6516,uhorton@lindsey-reynolds.info,Gregory Miller
70,Heath-Martinez,Port Denise,(777)805-1693x25978,susan82@mcmahon.com,Joseph Bradley
71,Nash-Thomas,North Emilyton,3092166163,dustin64@mccann.net,Paul Maxwell
72,Russo-Ayala,Port Denise,+1-939-944-2925x2003,watsonkimberly@brown-sanchez.org,Debra Smith
73,Small PLC,Gilberthaven,237-432-7377x3816,sierra96@bennett-hughes.biz,Kelly Jones
74,Luna LLC,South Angelicaport,+1-650-491-0607x37980,davidevans@wilson.info,Joseph Kemp
75,"Webb, Skinner and Lucas",Brianborough,001-472-334-8786x379,wross@ryan.org,Rebecca Garcia
76,"Wilson, Ashley and Miller",Gilberthaven,843.381.3195,nharrison@lee.com,Denise Figueroa
77,Smith Group,North Emilyton,+1-788-374-9423x258,donovanbarbara@king-young.net,Tamara Peterson
78,Rowe LLC,West Joseberg,915.435.0834x06621,anthonygriffin@esparza.org,Vincent Hayes
79,Pennington-Williamson,Brianborough,633-667-8649x73096,richard08@brewer-colon.com,Alexander Brennan
80,"Smith, Foster and Grant",West Joseberg,+1-402-457-0411x772,davidflynn@walton.info,Brenda Adams
81,Contreras-Estes,West Joseberg,306-484-7711x737,lori19@neal.com,Justin Ortega
82,Butler-Williams,New David,(333)567-3618x2240,wbrooks@martin-hunter.info,Lauren Wheeler
83,Smith Ltd,Galvanstad,+1-815-458-3362,arthurfletcher@griffin.org,Alexandria Stephenson
84,Brown-Holland,North Melissaside,(309)356-2522,jesse14@reese.com,Mrs. Karen Gallagher
85,Ali PLC,West Joseberg,(413)492-4999x6859,garrettkramer@jones-hall.com,Barry Valdez
86,James and Sons,Galvanstad,(298)505-7093,sara95@williams-burns.com,Linda Perkins
87,Dean-Mullins,North Melissaside,688.524.9313x61078,louis98@scott.com,Christopher Evans
88,Duran-Thompson,Galvanstad,469.323.0290x6421,thomas66@summers-wilson.com,Rachael Weber
89,Bennett LLC,New Reneeport,001-642-523-1487,rmiller@hawkins.com,Thomas Ayala
90,Smith-Rich,New David,3903779929,katherine39@watson.com,Lisa Martin
91,"Dickerson, Mitchell and Walsh",North Emilyton,748-303-1697x42836,swilliams@dudley-miller.net,Terry Alvarez
92,"Jennings, Gonzalez and Kelly",North Emilyton,001-904-683-3345x138,btyler@robles.net,Melissa Spencer
93,"Bailey, Morton and Rivera",New Reneeport,793-486-8856x462,clementskari@lawrence-hester.com,Natasha Foley
94,Hill-Alvarez,Brianborough,+1-705-449-5732x94936,thomasadams@kelly.com,Crystal Sandoval
95,Moore Ltd,North Emilyton,302.825.8496,lwebster@allen-lutz.com,Stephanie Morgan
96,Morris-Hester,New David,482-360-2591x173,tracyschroeder@woods-randolph.com,Pamela Sanchez
97,"Love, Douglas and Young",Galvanstad,954.396.6603x85334,wyatt70@phillips-aguilar.com,Donna Hill
98,"Phillips, Lewis and Paul",Gilberthaven,448-783-8965x0577,smithcolleen@miller.org,Ethan Gregory
99,Peters LLC,New Reneeport,580-441-0592,hancocklindsey@monroe.info,Leslie Ballard
100,Edwards Inc,Port Denise,001-938-980-7008x2118,mariahebert@ramirez.com,Karen Welch
101,Griffith-Estrada,New David,528-692-2825x278,jennifer32@martinez-brown.com,Amanda Campbell
102,"Johnson, Joseph and Terry",West Joseberg,+1-317-441-4186x439,aguilarjody@nash.net,Sarah Herrera
103,Taylor-Allen,New Reneeport,699.516.5646,alopez@nguyen.com,Jennifer Castillo
104,Brown Group,South Angelicaport,263.514.1338x31530,lmcdonald@smith.com,Brittany Martinez
105,"Reyes, Wade and Gregory",New Reneeport,7002390826,amurray@davis-williams.com,Ashley Clark
106,Flores-Lopez,South Angelicaport,(855)351-5203,fullerchristina@brewer-marshall.net,Daniel Owen
107,"Burns, Smith and Ramos",North Emilyton,(883)888-7852,kaylaho@peterson-lawson.com,Joel Grant
108,"Smith, Ortiz and Blake",North Emilyton,+1-751-772-7338x1406,nicholas43@miller.org,Patrick King
109,Maldonado and Sons,Brianborough,424-581-0131x4819,nicholsonnathan@roach.com,Peggy Garza
110,Carter-Merritt,West Joseberg,+1-424-461-1908x236,samuelevans@jones-taylor.info,Kathleen Daugherty
111,"Moyer, Curry and Obrien",North Melissaside,(266)855-1321,qnelson@torres.com,Elizabeth Christian
112,Bell Inc,North Emilyton,9332954569,mooresarah@bowen.info,Nicholas Morris
113,"Scott, Stevens and Murphy",North Melissaside,(341)351-2494x825,sarahrose@smith.com,Linda Harris
114,Rodriguez and Sons,North Melissaside,624.801.8574x5073,juandalton@patton.biz,Justin Berg
115,Payne-Lee,Brianborough,+1-557-999-4120x5177,wattsjennifer@lewis.net,George Miller
116,Stone Inc,New Reneeport,664-954-6703x7791,george38@peterson.com,Mark Perez
117,Allen Inc,New Reneeport,+1-304-583-7308x6241,brendanwilson@huerta-elliott.net,Terry Murphy
118,Miller Ltd,North Emilyton,890-999-8203x915,mary17@ochoa-young.info,Barry Weaver
119,Becker Ltd,New Reneeport,395.606.3154,cameronadkins@mullen.net,Jason Johnson
120,Miller-Lewis,Brianborough,706-201-1389x19631,stephanie62@wright-anderson.biz,Tammy Nelson
121,Gutierrez-Diaz,North Melissaside,841-823-1792,sheilakelley@branch-moore.info,Steven Sparks
122,"Anderson, Hall and Fowler",Gilberthaven,877-383-4942x11791,veronica31@willis.com,Lisa Wright
123,Bryant-Riley,Port Denise,556-239-7640,pmontgomery@watson.com,Hailey Long
124,Johnson Inc,South Angelicaport,(585)943-1604x3134,carlawall@mendoza.net,Christopher Porter
125,"Horn, Gibbs and Alvarez",Port Denise,5312726847,woodjames@paul-escobar.com,James Ortega
126,Rowe Group,New David,756-763-5070x608,justinmoody@richardson.com,Mary Wallace
127,"Sullivan, Williams and Murphy",Brianborough,329-859-6899x5167,jamessanders@owen.com,Brandon Diaz
128,Black-Stewart,Galvanstad,+1-865-572-1081,boothtammy@yates.com,Nicholas Black
129,"Soto, Acosta and Hines",Gilberthaven,001-288-923-0599x608,david28@doyle-cunningham.com,Richard Henderson
130,Hunt-Willis,New David,(886)422-9330x567,jimmy97@nash.com,Latoya Browning
131,Hopkins-Gomez,South Angelicaport,338.634.6509x379,kwiley@bates-arnold.biz,Teresa Martinez
132,Avila PLC,Brianborough,5194560492,aleccoleman@marsh-smith.com,George Stevens
133,"Allen, Logan and Vaughn",Brianborough,349-888-7041,daniellethomas@villanueva-mann.biz,Phillip Love
134,Armstrong and Sons,South Angelicaport,001-250-368-2823x15454,moorekim@willis-ray.com,Carmen Pennington
135,"Middleton, Roberson and Perez",West Joseberg,+1-784-209-9044,hernandezsarah@olsen-pena.com,Samuel Mills
136,"Barry, Riggs and Roberts",Galvanstad,471.906.9019,xwatson@davis-dominguez.biz,Barbara Williams
137,Wilkerson PLC,South Angelicaport,001-333-527-3379x1158,wpadilla@campbell-rangel.com,Jennifer Valdez
138,Wallace-Mccarty,New David,698.536.9714,hursterin@wright.com,Julie Bruce
139,"Mullins, Burch and Brennan",Port Denise,001-935-712-3711x65284,robert57@lopez.com,Valerie Russell
140,"Banks, Rodriguez and Dickson",New Reneeport,+1-827-326-7098x7835,jamesfisher@jones-zimmerman.com,Gerald Rich
141,Macias-Gates,Gilberthaven,907-385-2358,kimberlysmith@chan.net,Sandy Hines
142,Weaver-Thomas,Port Denise,393.699.8643,ojohnson@andrews-coleman.com,Michael Andrews
143,"Cook, Thomas and Smith",South Angelicaport,001-982-812-8035,sullivanmichael@williams.com,Debra Porter
144,"Jacobs, Edwards and Patton",Gilberthaven,+1-273-325-1889,wbell@garrett.org,Leslie Tucker
145,"Booth, Robinson and King",New Reneeport,811-808-9697x3821,whitebrian@schultz.com,Tyler Hamilton
146,Richardson-Rogers,South Angelicaport,(863)518-6310,emily98@mckee.com,Kristi Riley
147,"Nguyen, Wood and Shea",Galvanstad,001-779-832-9493x3060,loribell@stewart.net,David Johnson
148,"Clark, Gonzalez and Erickson",Port Denise,4198408772,donnajames@rosales.org,Shawn Robinson
149,"King, Alvarez and Briggs",Port Denise,001-334-711-8642,mdaniels@cooke.com,Austin Hoover
150,Miller Inc,Port Denise,001-579-362-1241x8744,penapeggy@fernandez.com,Benjamin Gonzalez
151,"Rivers, Cox and Michael",Galvanstad,961.314.8696,jeremy44@hall-kane.com,Stephanie Bishop
152,Franklin-Lee,West Joseberg,001-325-354-7155,gerald76@burns.com,Jared Martin
153,Barrera-Taylor,New Reneeport,2672168435,floresalexis@smith.biz,Larry Nelson
154,Mclaughlin-Burns,West Joseberg,5449769957,kwhite@deleon.com,Joshua Hall
155,James Inc,New Reneeport,001-889-538-1209x80283,timothy37@nash.info,Scott Watson
156,Hill-Frazier,North Melissaside,001-211-341-8855x8326,eandrews@hoffman.com,Christopher Bryant
157,Harris Group,Galvanstad,001-527-295-1136,idodson@morales.org,Breanna Gross
158,Schneider Inc,New Reneeport,(763)499-1095x25371,laura80@carrillo.com,Jordan Ellis
159,"Mack, Fowler and Roberts",North Emilyton,(313)947-2994,kgiles@meyer.org,Haley Barrett
160,Wood-Jimenez,Gilberthaven,259.691.8464x18456,perrybrenda@salas.com,Mark Watson
161,Welch-Johnson,Galvanstad,946.853.6841,erikpage@ayers.com,Donald Walker
162,"Bolton, Cooper and Smith",Galvanstad,(674)970-8579,twells@irwin-page.com,Savannah Nelson
163,Contreras-Dominguez,New David,001-917-727-7126x318,tammyparker@gonzales-lin.biz,Michael Williams
164,"Jackson, Christian and Fisher",North Emilyton,266-562-6678,baileyapril@barrett-branch.org,Nicholas Williams
165,Cunningham-Lucero,West Joseberg,(550)404-4842x230,umoore@smith-perry.net,Mitchell Lynch
166,"Lloyd, Foster and Parker",West Joseberg,001-714-807-0140x9785,robert58@rodriguez-steele.com,Linda Edwards
167,Morgan Inc,Brianborough,+1-438-800-3086x792,ronaldhall@moore-brown.net,Greg Elliott
168,Bowers Ltd,Port Denise,916-738-5134,sarahgarcia@rush.com,Joseph Adkins
169,Grant and Sons,Port Denise,001-824-941-3081,tbell@lane-moss.com,Nathan Sexton
170,"Ford, Davis and Adams",Galvanstad,001-803-521-2206x07704,xspencer@henry.net,Kenneth Morton
171,Chan Ltd,New Reneeport,(226)770-0618,pjohnson@johnson.net,Yolanda Williams
172,Mendez-Brown,Gilberthaven,545-468-7748x2742,joy22@rollins-simpson.info,Pamela Fields
173,Ramirez-Curry,New Reneeport,001-660-452-5754x1230,anthonyhunt@barnes.com,Tina Church
174,"Fernandez, Lopez and Sims",North Melissaside,(401)776-9747x7267,powellmark@davis.com,Jose Sanchez
175,Johnson-Lee,North Emilyton,(841)782-3044x88857,martinezthomas@rangel.biz,Ryan Lowery Jr.
176,Lawrence-Werner,New David,(688)846-8563x692,hansenabigail@white.biz,Rebecca Soto
177,"Thompson, Murphy and Stewart",West Joseberg,871-732-3041,marshalljohn@dodson.com,Joseph Lee
178,Werner-Cannon,Galvanstad,963.417.5953,dawnrivera@pena.com,Andrew Ramirez
179,Burch-Rhodes,Gilberthaven,+1-948-448-5850,madison56@howard.com,Maria Mcdowell
180,"Wilkins, Horton and Williams",South Angelicaport,239-792-2620x78351,linda36@gregory.com,Cody Hunter
181,Flores-Keller,West Joseberg,001-511-386-6356x3442,maguilar@moore-martinez.com,Edward Zimmerman
182,Hart Inc,Gilberthaven,001-240-997-9731,twilliams@parrish-wallace.biz,Ruth Luna
183,"Rogers, Winters and Strickland",Gilberthaven,(476)712-9847,mccoytracey@jordan-rodgers.com,David Roach
184,"Lucero, Graham and Yoder",New Reneeport,001-947-401-0070,dianacarter@guzman.net,Kelly Pham
185,"Wood, Watson and Phillips",North Emilyton,+1-986-578-0131,jjimenez@davis.net,Cynthia Wilson
186,Harris and Sons,New David,814.253.9820x316,benjaminlopez@harrison-sanchez.com,Kevin Foster
187,"Carlson, Williams and Jones",Port Denise,+1-309-303-3986x778,andrewaguilar@scott.net,Carla Lambert
188,Morrison Inc,Port Denise,933.989.4065x42430,ibarker@whitehead-hughes.biz,Emily Taylor
189,Khan-Lowe,Brianborough,+1-750-281-5634x628,hodgeanne@noble.com,Shari Bush
190,Morgan-Nelson,New David,(645)659-8249x73384,bridgesamanda@haas.com,John Williams
191,"Allen, Massey and Hall",Gilberthaven,339.572.5435x6315,jeffreymason@paul.com,Joshua Clark
192,Anthony-Vargas,West Joseberg,001-605-548-3168x375,frenchmallory@nguyen.com,Jennifer Stone
193,"Butler, Petty and Velasquez",North Emilyton,001-548-242-0294x7984,austin64@ingram-thompson.org,Dawn Henry
194,Gonzales LLC,Galvanstad,(960)734-6928x15335,cookjohn@sanchez.net,Lisa Ruiz
195,"Guzman, Stone and Clark",Galvanstad,(446)565-8375x5087,davidanderson@shea.info,Mrs. Karen Reed
196,Jones Group,New David,682.666.6715,robinscott@wheeler.info,Michael Klein
197,"Melton, Smith and Carlson",Gilberthaven,311-200-8239,amberstephens@figueroa.biz,Jennifer Peterson
198,Wilson-Higgins,Galvanstad,293-948-9217,cody95@jacobs.com,Sean Brennan
199,"Garza, Cameron and Vasquez",Port Denise,912-806-4638,matthew88@walters-hughes.com,Jonathan Taylor
200,Duncan Inc,New David,001-212-937-6736x2296,melissa53@curry.com,John Reed
201,Dodson-May,New Reneeport,(312)903-2621x2203,oscarrobinson@anderson.com,Jessica Fleming
202,Hess-Fisher,New David,229-243-1265x67923,fgarcia@combs.biz,Dustin Brown
203,Davis and Sons,South Angelicaport,256.221.5389,ryannicholson@taylor-caldwell.org,John Green
204,Gomez-Flores,South Angelicaport,(721)594-4323,maloneashley@phillips-gordon.net,Amanda Mckinney
205,Mejia-Mcgee,New David,+1-786-248-4707x852,richardstraci@garcia-williams.biz,Darren Michael
206,"Garcia, James and Rosario",New David,547.668.2566,bateskrystal@ortega.com,Robert Armstrong
207,Austin-Myers,South Angelicaport,(904)362-0968x2985,abrewer@pena.com,Matthew Harvey
208,Collins-Vargas,Brianborough,240-399-5587x65144,mosleymelissa@chen-compton.net,Michael Fox
209,"Nelson, Hodge and Mooney",Galvanstad,001-730-357-3940x888,garciadaniel@price.org,Michael Short
210,Rocha-Carr,New Reneeport,+1-560-976-7924x8215,heathercaldwell@oconnell-mullins.net,Samantha Kemp
211,Wilson-Anderson,Brianborough,240-270-4039,xtaylor@williams.info,Michelle Hughes
212,Stewart-Reid,Galvanstad,307-428-6917,taylorwagner@alvarez-brown.com,Dylan Lopez III
213,Byrd-Martinez,Port Denise,222.453.2477x78073,humphreybreanna@kelley.com,Thomas Allison
214,Baker-Delacruz,Brianborough,672.516.2236x898,stephaniesmith@mueller.com,Mr. Carlos Martinez
215,"Smith, Fisher and Boyd",New Reneeport,+1-740-425-4887x41619,kevin14@kennedy.com,Jesus Lewis
216,Boyer-Williams,North Emilyton,(770)231-3633,michael91@thomas.com,Kelly Frost
217,Yoder PLC,New David,+1-536-975-3893x2826,burkejorge@stone-estrada.biz,Dr. Lisa Peterson
218,"Frazier, Johnson and Lee",North Emilyton,001-633-397-9644x060,john01@moody.com,Mark Moses
219,Payne-Jackson,New Reneeport,8338076987,robert06@torres.org,Amy Miller
220,Morgan-Heath,North Emilyton,483.372.5577,shieldsamber@moore.com,Chelsea Barber
221,Prince LLC,Gilberthaven,817-763-1588,stewartrobert@green-diaz.com,Brandi Sullivan
222,Green-Phillips,North Melissaside,922.781.9416,richard07@perez.com,Kevin Bartlett
223,Perez Inc,West Joseberg,913.360.6350,wrightdavid@brown-poole.com,Robert Johnson
224,Taylor Inc,Gilberthaven,(607)808-1654,ifernandez@wright.com,Robert Potts
225,"Pham, Schwartz and White",New David,(305)982-5388,darrenlambert@walker.com,Alexander Martin
226,Gilbert Ltd,Port Denise,405.966.8719x154,moniquewilliams@robertson.com,Danny Smith
227,Morgan-Jackson,Port Denise,248-805-5820x11122,saraperez@mitchell.com,Jennifer Schmidt
228,Humphrey-Reynolds,West Joseberg,(728)313-6548x165,athompson@daniels.com,Kelsey Cox
229,James-Flores,South Angelicaport,+1-958-441-0760x59691,erodriguez@walton.com,Tracy Williams
230,"Robertson, Cox and Stewart",Brianborough,+1-845-459-3729,erinanderson@miller.com,Laura Powell
231,"Frye, Vaughn and Morrison",Brianborough,(317)920-6840x229,ymccormick@williams.com,Heather Cook
232,Thompson-Washington,North Emilyton,+1-300-453-9454x6465,zparks@nguyen-russell.info,Nicole Tapia
233,Reese Inc,Galvanstad,796-223-5418,tryan@richards-cooke.com,Bryan Morrison
234,Hart-Elliott,Brianborough,(216)528-8352x811,johnferrell@anthony.com,Stacy Morgan
235,Burnett Ltd,North Melissaside,(580)765-7895x249,abigail58@hendricks-roberts.com,Lauren Fisher
236,"Parker, Morales and Gonzales",Gilberthaven,(870)323-8447,karenherrera@blankenship-diaz.info,Brett Keller
237,"Smith, Stephenson and Foster",North Melissaside,913.209.1884x092,garciaemily@reyes.biz,Melissa Mccarthy
238,Sanders-Best,West Joseberg,+1-668-904-8770,james49@pollard-hill.info,Kimberly Campos
239,Smith Ltd,Port Denise,(235)950-4519x001,tim14@snyder.biz,Carlos Short
240,"Graham, Guerra and Dean",New Reneeport,474-245-6746,valeriepennington@morrison-villarreal.com,Benjamin Clark
241,"Schmidt, Cooke and Jimenez",Gilberthaven,001-942-661-4109x756,kyle43@taylor.info,Charles Dunn
242,"Martinez, Reynolds and Gibson",West Joseberg,+1-919-239-3922x48520,julia66@sloan.com,Katelyn Valdez
243,Torres LLC,Brianborough,+1-821-971-0674x91286,coreypatton@campbell-torres.com,Charles Lee
244,Rodriguez-Barnes,New Reneeport,352.814.7159x37628,jacquelinejohnson@campos.info,Erica Shaw
245,"Rodriguez, Palmer and Porter",Brianborough,+1-852-851-9192,mario97@fields.com,Randy Williams
246,Bennett Group,South Angelicaport,385.654.2766x797,williamsmichael@gonzalez.com,Angela Rich
247,Jimenez and Sons,New Reneeport,+1-478-615-6653x648,masonkeith@davis.com,Amber Porter
248,"Walker, Huang and Lloyd",North Emilyton,6847306414,dbean@daniels-moore.biz,Kimberly Edwards
249,"Davila, Burns and Crawford",Brianborough,505.859.9156x856,ndyer@martin.com,James Bell
250,Ruiz LLC,North Melissaside,802-371-2050,sherrybaker@harrison-may.biz,Carlos George
