idCarDealer,Company,City,Phone,Email,Manager
1,Blackwell-Fowler,Port Denise,350-468-8255,morenochristine@mcmillan.com,James Villarreal
2,"Smith, Underwood and Thomas",New Reneeport,523.599.7325x69400,larry30@hutchinson-oliver.biz,Kelsey Deleon
3,Marshall Group,West Joseberg,001-353-581-2521x03570,anthonybrewer@pierce-smith.info,Denise Higgins
4,Ford Group,North Melissaside,(630)456-0812,katie21@morales.com,Brooke Robertson
5,"Johnson, Scott and Novak",South Angelicaport,001-624-932-0490x0546,tiffanykelley@stevens-gordon.biz,James Williams
6,Wong-Carr,New David,302.872.7674,autumn38@zuniga.com,Pamela Morales
7,"Strickland, Conway and Ramos",North Melissaside,6007670827,gmoore@walsh-harvey.com,Andrea Lee
8,"Perry, Young and Marshall",North Emilyton,666-415-9910,zachary79@davis.com,Scott Miller
9,"Parks, Allison and Montoya",New Reneeport,590-954-5774,jeffrey31@mann.com,Catherine Chavez
10,"Sims, Barrett and Nelson",Brianborough,001-205-349-9949x4016,christine17@moon.com,Charles Rogers
11,Hamilton and Sons,South Angelicaport,001-313-777-9019x382,jesse18@brown-schaefer.org,Steven Coffey
12,Webb-Smith,New David,237-429-7178x575,vcook@rose.biz,Ryan Grant
13,Perez-Henry,New David,436-826-5996x1037,mikepierce@garcia-murphy.com,Tyler Roberson
14,Bartlett-Brown,South Angelicaport,(511)482-2754x229,cwright@lee.com,Summer Ward
15,Wong PLC,South Angelicaport,001-592-671-3246x959,timothy02@king.com,Larry Combs
16,Bryant Group,North Emilyton,879.907.7447,amberkelly@shannon.net,Eric Robertson
17,Shelton-Myers,North Melissaside,852.631.1480x4067,harrisvirginia@gray-palmer.info,Paula Sherman
18,Wade PLC,North Emilyton,360.351.0694,daniel34@smith.com,Jeffrey Cooper
19,Barrera Inc,West Joseberg,(599)596-8246,jesse18@williams-madden.org,Melissa Joseph
20,"Simpson, Frank and Fuller",New David,386-331-3225x40096,xmoore@walsh.com,Ashley Gallegos
21,Weaver PLC,New David,001-804-303-2508x216,molinajeanne@terry.com,David Madden
22,"Bryant, Smith and Nelson",Brianborough,330-929-6324x8794,lisa13@jackson-vazquez.com,Timothy Rose
23,Swanson and Sons,New Reneeport,001-410-822-2414x526,tkline@herring.com,Shannon Barrett
24,Burton-Barrett,Gilberthaven,+1-679-636-2002x04563,ymartinez@smith.com,Joseph Thornton
25,Greer-Vasquez,Brianborough,001-731-329-5247x07316,jefferywoods@kirk.com,Stephen Huff
26,"Thomas, Vasquez and Wright",Galvanstad,216-312-7978x4046,austin33@lambert.com,Jennifer Harris
27,Harvey PLC,South Angelicaport,001-253-555-8427,barbara55@hall.com,Kenneth Perkins
28,"Turner, Lopez and Casey",West Joseberg,274-246-6144,mary66@garcia-huang.com,Laura Lee
29,Porter-Cook,Port Denise,910.638.9098x825,phillip02@evans.com,Joshua Payne
30,Beck LLC,South Angelicaport,(457)455-2506x915,tammyhughes@walker.com,Matthew Cisneros
31,May-Brown,South Angelicaport,826-516-3013x210,miguel38@strickland.biz,Lee Baxter
32,"Rodriguez, Perry and Myers",Galvanstad,001-729-296-8924x01853,creynolds@smith-ortiz.com,Nicole Black
33,Becker-Oconnor,North Emilyton,969-954-1550,millermichele@mckee.com,David Walker
34,"Lynch, Clay and Dillon",Gilberthaven,282-846-6637,datkins@smith.com,Kelly Hodges
35,Morgan Ltd,North Melissaside,001-947-364-8452x790,olee@kennedy.com,Levi Riley
36,Rangel Inc,New David,(466)477-2336x20431,pricewilliam@cox.info,Alison Salazar
37,"Thomas, Cooper and Ho",North Melissaside,001-706-725-6965x15628,dalexander@price.com,Jimmy Zuniga
38,Fowler-Duncan,South Angelicaport,2687947253,vjohnson@leonard-johnson.com,Paul Davis
39,"Williams, Patterson and Castro",Gilberthaven,+1-286-468-3415x2899,jennifer34@wilson.biz,Tiffany Ferguson
40,"Harris, Chandler and Jimenez",Port Denise,677-259-2008x0435,klarson@stafford.com,Brent Garcia
41,Bennett and Sons,West Joseberg,403-817-7202x4596,thomaswu@humphrey.biz,Daniel Martin
42,"Jones, Moore and Hernandez",North Melissaside,485-267-2146x287,adrianstanley@hines.com,Rebecca Johnson
43,Davidson-Jimenez,Gilberthaven,+1-939-796-8526x20354,lanearthur@knight.com,Linda Miller
44,Ferguson-Davis,North Emilyton,+1-334-711-4044,sanchezeric@watkins.biz,Kari Foley
45,Williams-Hoffman,North Melissaside,(713)764-2292,alexis40@wright.com,Antonio Guerrero
46,Hamilton LLC,New Reneeport,355-670-9238,elizabethdouglas@martin-cohen.com,Destiny Johnson
47,"Ayala, Smith and Miller",Port Denise,209-742-3637,jennifer24@rodriguez.net,Tammy Bond
48,Foster-Wilson,North Melissaside,(553)425-5522x97784,mlee@mullins.biz,Stephanie Ewing
49,Smith-Sanchez,Brianborough,492-665-7963,rogersdavid@turner.com,Christine Roy
50,Gonzales PLC,Galvanstad,+1-648-666-6718x03539,solomonlisa@walton.biz,Kelly Garcia
51,"Perez, Holland and Robinson",Brianborough,290.296.5958x3738,kayla34@herman.com,Gabriel King
52,White-Martinez,New David,739-226-1559x55914,fosterbrian@hudson.org,Sandra Richardson
53,Sanchez and Sons,North Emilyton,5294403986,mfowler@salazar.com,William Bauer
54,Hicks Inc,Brianborough,379.861.6672,jose65@andrews.org,Lydia Watson
55,Jones LLC,Galvanstad,001-425-379-9036,jhamilton@sweeney.biz,Christopher Thompson
56,Beck-Kelly,West Joseberg,(845)218-2479,joshuaspears@stafford.net,Tiffany Stevenson MD
57,"Leach, Giles and Rodriguez",New Reneeport,313.621.6041x87767,bsantiago@chapman.org,Corey Hernandez
58,Russell-Anderson,West Joseberg,+1-929-968-1930x7294,tanya23@hale-thompson.info,Scott Mcknight
59,Jones Group,Galvanstad,588-480-3896x574,davidharris@pugh.com,Kathy Fowler
60,"Powell, Collins and Jones",South Angelicaport,563.613.3294x895,bruce41@hebert.info,Anthony Flores
61,Turner Inc,Galvanstad,375-440-8729,jessica59@cummings.com,Shane Dean
62,Ward and Sons,South Angelicaport,946.939.2375,taylorcolton@gregory-boyd.com,William Cummings
63,Pace Inc,New Reneeport,001-272-846-9771x92349,handerson@white.com,Joseph Hodges
64,Hawkins-Johnson,North Emilyton,+1-835-642-3112x900,james06@werner.com,Amanda Pierce
65,Howard Group,Port Denise,329-569-1497,beth06@gibson.com,Brittany Gonzalez
66,"Smith, Carter and Dominguez",Gilberthaven,001-614-666-4515x5686,debbie65@dixon-diaz.org,Jacob Espinoza
67,Wilson-Butler,Gilberthaven,001-614-471-3869x9817,dross@diaz.org,Brenda Owen
68,Moran Ltd,New David,001-719-610-4473x34808,ashley28@flynn.com,Tammy Li
69,Ponce LLC,Gilberthaven,+1-517-999-9619x676,douglasdaniel@moore-foster.biz,Jennifer Warren
70,"Ortega, Gilbert and Morgan",West Joseberg,001-940-657-0237x21625,osmith@moyer-martin.com,Joseph Garcia
71,"Jackson, Gonzales and Smith",Gilberthaven,908.446.3333,shannonmckee@thompson.com,Dwayne Moyer
72,Williamson-Mendoza,New Reneeport,+1-334-494-6979x94327,dcannon@miller-fields.com,Michael Atkins
73,Burton LLC,West Joseberg,4078213893,jennifer29@martin.com,Robert Weeks
74,"Miller, Spencer and Baldwin",Brianborough,3695671562,osantos@douglas-williams.biz,Kathryn Lewis
75,Ross-Garza,North Melissaside,460.249.5195x82052,michaelsmith@morton.org,Steven Davis
76,"Miles, Cook and Cobb",North Melissaside,634-395-7232x8621,xnguyen@harvey.com,Isabella Davis MD
77,Hardin LLC,Brianborough,(689)664-3363x6684,rebeccacaldwell@gray-arroyo.net,Scott Curtis
78,Carrillo-Garza,Galvanstad,968.792.6706x55301,brookekelly@johnson-schaefer.com,Rachel Reynolds
79,Mcdaniel Ltd,West Joseberg,(891)394-9233,esantana@morgan-flynn.com,Ann Perez
80,"Hale, Rogers and Campbell",Port Denise,644.621.6167x40897,melissasullivan@johnson.com,Tara Solomon
81,"King, Jacobs and Lopez",New Reneeport,+1-352-467-5310,debra30@brooks.info,Drew Roberts
82,Miller Group,Brianborough,643-366-5147x9356,briandurham@chandler-duke.com,Evan Adams
83,Mccoy Inc,New Reneeport,001-692-824-2040x196,annaholland@small-knox.com,Michael Alvarez
84,"Robinson, Berger and Reese",South Angelicaport,910.863.0879,jennifer75@smith.net,John Fox
85,Walter-Miller,New Reneeport,553-347-1887,hectorflores@bowman.com,April Hess
86,Ramsey Ltd,South Angelicaport,720-517-5224x7229,xlee@anderson.biz,Autumn Zimmerman
87,Young Group,Gilberthaven,689-435-3448x663,barrettcassidy@harris-rubio.info,Mark Bradley
88,Howard-Burch,Galvanstad,856.255.3008,juliequinn@smith.com,Casey Hammond
89,King Ltd,Brianborough,644-340-5889x552,oherrera@morris-wright.biz,Carol Anderson
90,Vazquez-Williams,Port Denise,+1-585-499-8825x45277,zbradley@taylor.com,Kim Arnold
91,Romero-Wang,New David,001-337-467-3834x1983,simpsonryan@decker.com,Joseph Williams
92,"Fuller, Campbell and Johnson",Brianborough,(300)260-8291,kdavis@khan.biz,Jacob Holmes
93,Bishop-Harvey,New Reneeport,+1-467-475-6412,rhumphrey@hernandez-mccall.com,Anita Davis
94,Sweeney-Young,West Joseberg,001-828-511-6452,markvaughn@harris.org,Charlene Oliver
95,"Gutierrez, Roberts and Roberts",North Emilyton,786-843-6173,adam98@perry-osborn.com,Benjamin Reed
96,Carter PLC,North Emilyton,384.587.4545x92169,rivasbenjamin@sullivan.org,Haley Campbell
97,Estrada-Goodwin,New Reneeport,656.992.8558,christinetorres@delgado-wilson.com,Samantha Hodge
98,"Lang, Campbell and Williams",New David,766-869-9699x7273,rweiss@rush.com,Kristen Smith
99,Baxter LLC,South Angelicaport,001-957-461-9923x890,faulknerjames@wise.com,Daniel Buckley
100,Mercer Ltd,North Melissaside,9299593929,walkersamuel@bradley.com,Robert Barker
101,"Parker, Fernandez and Fry",New David,669.576.1552,alexanderkennedy@barker.com,Misty Robinson
102,Simpson-Miller,Gilberthaven,(350)507-9797,snyderdeanna@cohen.com,Jeff Brown
103,"Nunez, Nichols and Collins",West Joseberg,+1-925-575-5935x81903,glewis@davis.com,Benjamin Shaw
104,"Fox, Cervantes and Holder",Gilberthaven,202-236-8024,patriciabarry@abbott.com,Heather Anderson
105,"Park, Morgan and Glenn",North Emilyton,+1-678-214-8503x526,sbrown@wallace.com,David Pena
106,Burton-Case,Brianborough,3263366473,kjones@velasquez-chavez.net,Drew Ayers
107,Wilson-Garrison,Gilberthaven,+1-432-676-6153x87602,carrolldebra@hill.com,Tyler Keller
108,Banks-Porter,Brianborough,(810)909-7627,jacobsonelizabeth@davis-martin.biz,Rebecca Jackson
109,Reyes Group,Galvanstad,001-316-477-4591,stonenathan@castillo.com,Eileen Tran
110,Hartman Inc,Gilberthaven,+1-967-596-5034,bergjacob@adams-hammond.com,Christina Garcia
111,Booth-Douglas,Brianborough,518-266-9689x57578,ericksoneric@price.com,Aaron Hicks
112,Barrett-Allen,New Reneeport,2789148039,jamesvasquez@king-gomez.info,Michelle Mills
113,Williams and Sons,Brianborough,(363)485-6850x0225,vjackson@bailey-wright.com,Jessica Collins
114,Wheeler-Garrett,North Emilyton,5242868428,lynchtim@reynolds.info,Nicholas Smith
115,"Smith, Williams and Olsen",North Emilyton,001-530-441-9017,cwolfe@smith.net,Susan Hill
116,Lopez Group,North Emilyton,(291)266-9913x088,pamelawhite@smith.com,Nancy Bond
117,"Herman, Jordan and Lozano",Galvanstad,+1-568-848-8306,parsonsjesse@russell.com,Mr. Kevin Stewart
118,Patel Inc,Brianborough,+1-885-860-1903x85577,harveyterri@pearson-lucas.com,Willie Gonzalez
119,Yates-Smith,South Angelicaport,001-610-308-6697x435,walkertheresa@garcia.com,Melissa Russell
120,Sanchez-Phillips,North Emilyton,782.546.9263x9863,klinechristopher@green.com,Matthew Arroyo
121,"Wilson, Cruz and Williamson",Port Denise,+1-930-513-6542x62035,charlesmiller@campbell-schmitt.com,Alexander Henderson
122,Sawyer Inc,New Reneeport,865-534-9150x395,alexhouston@walker.com,Brittany Scott
123,Mcneil-Williams,Brianborough,(482)382-3584x737,laurawells@davis.com,Christian Lawrence
124,Buck LLC,South Angelicaport,001-797-982-3729x078,justinross@hernandez.com,Sherry Tapia
125,Wright-Hernandez,North Melissaside,+1-398-647-4247x137,rachelmcbride@bailey.com,Justin Jones
126,"Lopez, Clark and Rich",Port Denise,001-719-804-5196x606,lucasallen@johnson.biz,Brandon Riley
127,Clark-Vazquez,New Reneeport,(839)914-3205,claire18@robinson.net,Mrs. Diana Munoz
128,Nunez Group,North Melissaside,746-895-9353,moorejeffrey@white.org,Thomas Sanchez
129,Shea LLC,North Emilyton,791-895-6434x43818,katherine01@johnson.net,Kimberly Ochoa
130,Hamilton-Cherry,Port Denise,580.476.2076x642,hendersonstacy@ortiz.net,Tyler Burns
131,Sanders-Christian,New Reneeport,(527)556-3359,wigginserica@owens.com,Laura Gordon
132,"Berger, Mclaughlin and Collins",West Joseberg,001-487-468-0017,castrolauren@davenport-fry.com,Charles Morgan
133,Galvan-Barrera,Brianborough,001-570-289-1570x365,stephaniewilson@griffin-richardson.com,Ian Miller
134,"Levine, Hawkins and Vasquez",New Reneeport,3696361582,valenciadanny@holland.com,Jessica Bryan
135,"Rios, Weaver and Lewis",New David,9649070662,barbara10@thomas.com,Jamie Robinson
136,Archer-Ross,South Angelicaport,446.339.2407,theodore93@hoover.com,Melissa Cummings
137,Rivas-Sloan,Brianborough,001-626-379-9442x0294,sarah84@mckay-rivera.com,Erika Myers
138,"White, Johns and Davis",South Angelicaport,290.994.1289x96844,ricelinda@fitzgerald.com,Sarah Daniel
139,"Kirk, Brown and Barnett",North Emilyton,2089128344,ckeller@nelson-gordon.org,Barry Flores
140,Hansen-Hoover,West Joseberg,825.314.1538x47652,michaelhughes@horn-thompson.com,Benjamin Pierce
141,"Nguyen, Conrad and Smith",Galvanstad,(492)548-9241,changrobert@smith-oliver.org,Christopher Olsen
142,James-White,West Joseberg,382-860-6884,leebruce@pittman.org,Stacey Barton
143,Butler LLC,Gilberthaven,414-417-5865x44818,walkerchristopher@khan.net,Corey Cobb
144,"Rivera, Anderson and Hughes",North Emilyton,5653221750,clinton93@owen-hampton.com,Colleen Carter
145,Evans LLC,Port Denise,001-939-587-8300x76426,williamsjames@rosario.com,Eugene Harvey
146,"Sweeney, Phillips and Adams",Brianborough,794-845-1723x731,lindseyangelica@powell.org,Mason Williams
147,Jones PLC,North Emilyton,(329)888-0059,rasmussenann@villarreal-marshall.com,Debra Mitchell
148,"Bauer, Harris and Foster",New David,3024352034,mthomas@flores.org,Caitlyn Rivera
149,Lopez LLC,Port Denise,(665)582-3016,marysingh@palmer.com,Michael Hanson
150,"Johnson, Cantu and Thompson",South Angelicaport,(273)231-4005x0845,debbie52@stafford.com,Todd Lewis
151,"Harrison, Williams and Swanson",Gilberthaven,903.947.5976x58072,caldwellvanessa@morris-miller.net,Linda Ross
152,"Davis, Turner and Waters",South Angelicaport,(452)706-6864,erica17@graham.info,Andrea Hickman
153,Matthews-Watson,Brianborough,766-589-8703x2443,amber37@phillips-silva.com,Jesse Petersen
154,Johnson-Richards,South Angelicaport,(634)857-5464x4681,moralescarlos@thomas.com,Bruce West
155,Scott-Foster,Port Denise,3176998147,cynthia33@logan-odom.com,Lee Flores
156,Lewis and Sons,Port Denise,(734)903-2952,josephaustin@clarke-aguirre.com,Cassandra Meyer
157,Lee Group,South Angelicaport,9504708257,kbryant@hutchinson-nichols.net,Barbara Jordan
158,Underwood Inc,New David,+1-615-418-3557,jschroeder@jackson.org,Heidi Wilcox
159,Rodriguez PLC,North Emilyton,576-465-0518x19488,qhutchinson@west-garcia.net,Karen Chan
160,Lewis LLC,Galvanstad,001-855-264-0568,rachel00@sanchez.info,Dustin Myers
161,Lindsey Group,South Angelicaport,869-417-5348x001,crawfordmichael@guerra.com,John Taylor
162,Dawson-Vance,Port Denise,(999)284-0098,bellnicholas@ruiz-molina.com,Darren Miller
163,Rivera Group,New David,573.845.6648,thomas83@castillo.com,Thomas Alvarado
164,Black-Morris,Gilberthaven,783.909.9005x91604,abrown@brooks-pacheco.com,Judith Floyd
165,Mitchell-Armstrong,North Melissaside,7806238908,anthonysmith@patterson.biz,Alfred Rice
166,Brown Ltd,North Melissaside,(695)655-1904x202,lori00@smith-reed.com,Ellen Hill
167,"Hinton, Hernandez and Farley",New David,+1-334-425-3297x0759,amy45@chase.com,Alan Guerrero
168,Sloan LLC,Galvanstad,001-515-350-8659x2942,paulwilson@velazquez-ashley.com,Christine Trujillo
169,Jones Inc,Gilberthaven,638.794.0041x27894,cburgess@cook-rocha.com,Beth Carpenter
170,Ortiz-Huerta,North Emilyton,(279)498-5819x4106,jesse30@clark.info,Jane Doyle
171,Gomez-Hicks,Galvanstad,(691)911-4278x707,carloscampbell@brown.org,Emily Hess
172,"Black, Cook and Burton",North Melissaside,5673835012,veronicaking@hogan.com,Sheryl Travis
173,Freeman Ltd,Brianborough,952-839-8037x6533,eatonrichard@moore.net,Mr. Allen Dean
174,Schneider-Branch,New Reneeport,578.524.5602x881,vickie40@simmons.com,Brittney Haynes
175,"Cook, Mccarty and Kennedy",North Melissaside,665-948-1447x393,ryanwhite@walker.com,John Webb
176,Johnson PLC,West Joseberg,455-629-5267x87393,lanecarrie@norman.com,Elizabeth Oliver
177,"Davis, Werner and Thomas",South Angelicaport,(739)309-9204,nichole76@schwartz.com,Lindsay Tate
178,Farrell-Elliott,South Angelicaport,932.553.7787,robertmarshall@meyer-mcfarland.com,Darren Kent
179,Stanton Ltd,Brianborough,649.695.6176,petersashley@boyd-delacruz.com,Heather Rose
180,Henry-Wood,Gilberthaven,+1-569-342-2322x31823,gabrielmelton@williamson-lee.com,Terry Myers
181,Allen Ltd,West Joseberg,+1-311-602-7618x6636,william41@long.org,Catherine Sellers
182,"King, Clark and Simmons",Galvanstad,855.669.9612,jessica70@johnson.info,Paul Ortega
183,Bond PLC,North Melissaside,+1-688-545-1269,albert38@glover.com,Amy Young
184,Miller-Smith,West Joseberg,(991)730-7376,sarahsoto@hunter-palmer.com,Dennis Hernandez
185,"Calhoun, Steele and Rogers",Port Denise,545-671-4485,dgarcia@stuart.com,Wesley Cardenas
186,Gutierrez-Barton,West Joseberg,001-388-720-7316x192,agarcia@ford.com,Jennifer Rodriguez
187,Matthews-Mitchell,Port Denise,364.979.0555,thomas96@whitehead.biz,Charles Robinson
188,"Fisher, Sherman and Lara",North Emilyton,952.963.8554x1338,benjamin93@brown.com,Jonathan Bell
189,"Moreno, Rodriguez and Austin",South Angelicaport,6365842562,petersonnathan@roberson-conley.net,Robert King
190,Roberts Group,West Joseberg,561-358-3699x2454,anthony06@silva.org,Kelly Soto
191,Oneill and Sons,Brianborough,001-923-732-7981x788,jonesjames@rogers.biz,Jordan Dennis
192,Roach LLC,North Emilyton,589-783-4716x4111,stevensrobert@kelly.org,Michael Mann
193,"Morris, Harvey and Campos",South Angelicaport,746.829.5025x169,tannercindy@brown-dennis.com,Courtney Anderson
194,Walker Ltd,Gilberthaven,954-316-8675x743,christophersmith@white.org,Mrs. Deanna Kelly
195,Taylor LLC,Gilberthaven,802-409-4902x9298,eweaver@becker.info,Randy Robinson
196,Ray-Romero,Port Denise,+1-301-416-0716x16124,jamesjennifer@gay.com,Alexis Browning
197,"Watson, Fernandez and Greer",New Reneeport,(635)534-2649x844,adrake@hebert-olson.net,Katherine Davis
198,Reed-Alvarado,New David,3677294266,tammyhartman@hill-stevens.com,Christine Bradley
199,Miller-Lewis,West Joseberg,946.732.3157x18479,jerrymurphy@russell.com,Andrea Davidson
200,Gamble-Brooks,North Melissaside,272.944.6380,kaylamorris@haynes.info,John Thomas
201,"Thompson, Hall and Lee",New Reneeport,996-959-9866,martinezmisty@frank-joyce.biz,Kimberly Harris
202,Morris and Sons,New David,001-276-587-7689,karenmoore@caldwell.net,Robin Nelson
203,King-Johnson,New Reneeport,(297)506-8319x922,mcclurebobby@ritter.com,Amber Taylor
204,Fox PLC,West Joseberg,001-266-853-6974x37506,xgriffin@flores.biz,George Lee
205,Morrison Inc,New Reneeport,+1-830-500-3137x015,ronnie58@johnston.biz,Jessica May
206,Evans-Gonzalez,North Melissaside,001-255-770-6274x83000,garciajoshua@snyder.com,Adam Garcia
207,Bell PLC,Gilberthaven,806.641.1837,juliemayer@miller-tyler.info,Mark Perkins
208,"Garza, Mills and Lopez",New Reneeport,307.758.0483,melissadixon@barrett.com,Amy Taylor
209,Fleming-Morton,Galvanstad,001-858-848-0632,hermanjacob@hamilton.net,Ms. Ashley Watkins
210,Duran Ltd,Gilberthaven,001-970-573-5704x39157,pamelagarza@murray-anderson.com,Stacy Fisher
211,Jones-Wells,Gilberthaven,+1-587-959-0525,patrickdale@king.org,Shawn Parker
212,Adams and Sons,North Melissaside,233-315-8522,leah40@hudson.com,David Compton
213,Davis Ltd,New Reneeport,358.346.8137,robertsjames@kelly-sullivan.com,Angela Richards
214,Smith-Cuevas,Port Denise,405.315.2819x498,zgregory@williamson-moody.net,Robert Schaefer
215,Ruiz-Harris,West Joseberg,001-882-351-3662,nathan62@holt-bradley.info,Alyssa Castillo
216,Larson and Sons,North Melissaside,001-534-448-2355x68480,janice52@reynolds.com,Sarah Warner
217,Cook Group,Brianborough,+1-850-721-5756x53609,megancobb@thomas-serrano.biz,Gregory Walker
218,Jones and Sons,North Melissaside,767.201.5297x8893,jamesjones@ramos-schroeder.com,Rhonda Bush
219,"Ayers, Jones and Larsen",Brianborough,(695)729-1262x450,heather21@pena.com,Amanda Kennedy
220,Garner PLC,Brianborough,596-682-6382x7322,brittanyserrano@foster-werner.net,Harold Klein
221,Oneill Ltd,Port Denise,621-930-1010x158,wjohnson@mclaughlin-sutton.info,Amber Perez
222,Pham and Sons,Port Denise,376-379-2626x4867,antoniobeck@hernandez.biz,Daniel Baker
223,Foster PLC,Gilberthaven,(290)245-0198x758,kristinameyer@james-smith.com,Heather Cameron
224,Perry-Daniels,West Joseberg,(459)745-6308x896,hollymorales@rodriguez.com,Ashley Ortiz
225,"Summers, Miller and Cruz",South Angelicaport,001-610-270-2698x551,websterbrandon@ramirez-delgado.com,Gregory Schroeder
226,"Massey, Watson and Patterson",New Reneeport,9986612959,brucekennedy@powers-shea.org,Matthew Mccarty
227,"Arnold, Ayala and Carroll",New Reneeport,967.616.0437x443,diane57@walker.org,Jeffrey Miller
228,"Walter, Yates and Jones",North Melissaside,+1-991-741-4312,melissa15@fox-davenport.com,Ruth Patton
229,Johnson-Walker,Brianborough,+1-682-741-5649x76122,mccalljames@jackson.com,Samuel Weaver
230,Bauer LLC,Gilberthaven,(230)575-1542x9268,harperedward@glenn.com,Eric Fox
231,"Hernandez, Boyd and Watson",New Reneeport,293-901-9522,richard52@carter-allen.com,Alyssa Cummings
232,"Heath, Joseph and Garcia",Galvanstad,333.363.0997,chapmanphillip@moses.com,Laura Holden
233,Myers-Wilson,New David,(705)410-5152,craig34@clark.info,Rebecca Murphy
234,Norris-Zimmerman,Brianborough,2103374707,deborah48@scott-thomas.info,Anthony Johnston
235,Maldonado Group,North Melissaside,914.815.9823x93249,timothyhampton@lopez.com,Jacob Jenkins
236,Fitzgerald Group,South Angelicaport,4267244954,daniel01@mitchell.com,Tiffany Schmidt
237,Cooper Inc,Port Denise,609.976.3931x6627,kleinkevin@martin-henry.com,Mark Hughes
238,"Mann, Hunter and Nelson",New David,+1-443-823-6958,tstewart@rogers.com,Victoria Santiago
239,Clark-Forbes,Port Denise,830.285.2183,scotthill@james-gomez.com,Timothy Blevins
240,Smith-Banks,New David,573.732.9767x882,wblevins@bauer-white.com,Sherri Ross
241,"Baker, Hicks and Daniels",New David,+1-388-710-6077x31704,debrahahn@deleon.net,Sherri Ruiz
242,Harris-Scott,Port Denise,(376)791-0112,kevinchan@george-foster.com,Kristy Adams
243,Williams Ltd,North Melissaside,(818)657-6031x97271,karamurillo@gibbs.com,Tami Peters
244,Rose LLC,Port Denise,+1-216-763-9385x082,williamsnicole@charles-chen.com,Richard Lee
245,Cole-Mcbride,New David,519.901.8924,fisherheather@newton-ballard.org,Derek Burns
246,Smith-Smith,Gilberthaven,(468)405-3655,jessica93@ayala.info,Crystal Schmidt
247,Park-Jones,Brianborough,6898350329,geraldmitchell@hickman-thompson.com,Michelle Gilbert
248,Phillips and Sons,Galvanstad,(550)806-3057x47521,townsendzachary@todd-foster.net,Corey Gould
249,Ramos PLC,North Emilyton,001-302-921-8456x1065,matthewhall@randall.net,Kevin Macdonald
250,Hines LLC,Gilberthaven,(825)774-1739x91739,woneill@maxwell.info,Michael Lewis
