idEmployee,FirstName,LastName,Gender,Email,CarDealer_idCarDealer
1,Patricia,Klein,Female,raymondmcclain@example.com,123
2,George,Ibarra,Male,thomasmartinez@example.com,80
3,Courtney,Reynolds,Female,cameronwalters@example.net,47
4,Michael,Collier,Male,dwest@example.com,12
5,Natalie,Walker,Male,rjames@example.com,70
6,Brenda,Washington,Male,yolandawhite@example.net,111
7,Doris,Stephenson,Female,nathan49@example.com,201
8,Raymond,Boyer,Male,abrandt@example.org,6
9,Patrick,Sanchez,Male,chelsea97@example.org,61
10,Richard,Donaldson,Male,timothy88@example.net,51
11,Darren,Gilbert,Male,tamara90@example.net,103
12,Brian,Hudson,Male,stephanievazquez@example.org,157
13,Richard,Olson,Male,larry80@example.net,102
14,Anthony,Williams,Female,pthomas@example.com,46
15,Jeffrey,Powell,Female,hudsonchristopher@example.org,184
16,Samuel,Martinez,Female,jessicamolina@example.net,27
17,Carrie,Wilkinson,Female,aaron17@example.org,33
18,Jennifer,Brown,Male,vincentjoel@example.com,48
19,David,Clark,Male,margaret87@example.org,117
20,Douglas,Hunt,Male,wardkevin@example.org,145
21,Alicia,Hanson,Male,amanda02@example.org,218
22,Timothy,Schaefer,Male,pearsonjames@example.org,192
23,Jason,Small,Female,zkirby@example.com,72
24,Cheryl,Lowe,Male,olivia11@example.com,219
25,Vanessa,Barnett,Male,martinthompson@example.com,55
26,Alisha,Potter,Female,gdavis@example.org,71
27,Amanda,Chavez,Male,carriehunter@example.com,157
28,Ashley,Gilbert,Female,alisonmerritt@example.org,70
29,Clinton,Gutierrez,Male,angelawhite@example.com,98
30,Julia,Diaz,Male,brenda19@example.org,135
31,David,Long,Male,cmartin@example.net,121
32,Larry,Patel,Male,lauren74@example.net,50
33,Christopher,Ibarra,Female,wendylewis@example.com,85
34,Sandy,Wade,Female,shieldsmichelle@example.org,7
35,David,Palmer,Male,leechristian@example.com,56
36,David,Mcdonald,Female,eric50@example.com,92
37,Mitchell,Taylor,Male,corey06@example.org,223
38,David,Rodriguez,Female,makayla61@example.com,152
39,Christine,Gonzalez,Male,parkerrobert@example.com,133
40,Robert,Jones,Female,xcox@example.net,144
41,Jacob,Cannon,Female,david27@example.org,192
42,Melissa,Benjamin,Male,josephnolan@example.org,127
43,Joshua,Alvarez,Female,coopermichael@example.net,137
44,Tyler,Lindsey,Female,adamsanna@example.net,172
45,Isaac,Moreno,Female,bmcfarland@example.com,223
46,Kevin,Wagner,Female,danielrodriguez@example.com,119
47,Craig,Petty,Male,jalexander@example.org,184
48,Heather,Thompson,Female,czavala@example.com,10
49,Tammy,Benson,Female,edwardpearson@example.net,39
50,Jamie,Brown,Female,iwhite@example.net,135
51,Emily,Deleon,Male,martinbanks@example.com,57
52,Latoya,Adams,Male,smithwilliam@example.org,44
53,Carla,Santana,Female,colinduncan@example.org,186
54,Corey,Webster,Male,cblanchard@example.org,234
55,Brian,Kline,Male,bstephens@example.com,212
56,Tyrone,Bullock,Male,tylergarcia@example.net,118
57,Christopher,Boyer,Female,williamshea@example.net,93
58,Brittany,Esparza,Male,sergio82@example.org,92
59,Joshua,Holmes,Female,jason84@example.org,141
60,Michael,Macdonald,Male,elizabeth83@example.net,105
61,Nicole,Fischer,Male,kristenoliver@example.com,207
62,Tyler,Oliver,Female,sherrithompson@example.com,6
63,Sarah,Johnson,Female,richardmckinney@example.com,100
64,Melanie,Wilkerson,Female,michellemarshall@example.org,133
65,Jeffery,Tucker,Male,thomas98@example.net,80
66,Rachel,Park,Female,ballchad@example.org,137
67,Benjamin,Gonzalez,Male,xchavez@example.org,100
68,Robert,Vincent,Male,carrieeaton@example.org,124
69,Brandon,Malone,Male,lauradrake@example.com,149
70,Douglas,Garcia,Male,katherine98@example.com,95
71,Ivan,Wood,Male,fdavies@example.net,75
72,Traci,Henry,Male,amandaschwartz@example.net,96
73,Johnny,Ayers,Female,longdaniel@example.net,183
74,Matthew,Fisher,Male,heathchristopher@example.com,91
75,Marcus,Hanson,Male,jamie90@example.net,6
76,Andrew,Boyd,Male,torresgregory@example.org,164
77,Charles,Pierce,Female,nicole38@example.com,153
78,Joseph,Matthews,Male,hallrachel@example.com,94
79,Heather,Morgan,Male,christinehall@example.org,83
80,Tammy,Hernandez,Male,bvilla@example.org,136
81,Crystal,Meadows,Male,wilsonjason@example.com,119
82,Mary,Rogers,Male,michaelwarren@example.net,62
83,David,Davis,Female,toni07@example.net,221
84,Steven,Nichols,Female,stacy10@example.net,168
85,Jamie,Rodriguez,Female,sabrina00@example.net,61
86,Dominic,Gibbs,Male,carmenhill@example.com,91
87,Antonio,Mckee,Female,gdavis@example.org,29
88,Samuel,Contreras,Female,bschaefer@example.com,135
89,David,Miller,Female,meyercandace@example.org,154
90,Antonio,Gonzalez,Male,angel80@example.org,74
91,Jennifer,Norris,Female,robinsonrobert@example.com,211
92,David,Hunt,Female,nlewis@example.net,183
93,Christine,Wheeler,Female,obrandt@example.net,183
94,Jared,Taylor,Male,zgarcia@example.org,180
95,Raven,Williams,Female,robertsonrachel@example.net,1
96,Mary,Gonzales,Female,tevans@example.net,104
97,Gina,Brown,Female,david65@example.com,25
98,Kayla,Thompson,Female,garciajared@example.com,190
99,Veronica,Wilson,Male,andreareyes@example.org,35
100,Sarah,Murray,Female,qsmith@example.org,46
101,Matthew,Baker,Male,wrodgers@example.org,12
102,Gary,French,Male,williestuart@example.com,202
103,John,Kelly,Female,kharris@example.org,169
104,Lucas,Phillips,Female,evansmatthew@example.com,236
105,Rebecca,Carney,Male,luis68@example.net,106
106,Donald,Rodriguez,Male,bauerashley@example.com,40
107,Loretta,Mckenzie,Female,oduffy@example.com,62
108,William,Patel,Male,salinasdebra@example.org,82
109,Pedro,Hayes,Female,twade@example.com,153
110,Timothy,Romero,Female,johnmitchell@example.org,221
111,Elizabeth,Hooper,Male,sstewart@example.net,16
112,Jessica,Parks,Female,dylan73@example.com,109
113,Erika,Duncan,Female,robertcochran@example.net,157
114,Tracy,Harris,Female,kiara98@example.net,180
115,Christopher,Anderson,Male,pcampbell@example.org,147
116,Kevin,Williams,Female,jeffreyharris@example.com,215
117,Jason,Green,Male,john44@example.com,63
118,David,Hammond,Male,andersonnicole@example.org,213
119,Steven,Taylor,Male,ynash@example.net,26
120,Taylor,Rojas,Female,smalljoan@example.com,19
121,Jonathan,Gomez,Female,davisryan@example.net,232
122,Lisa,White,Female,linda55@example.com,109
123,Julie,Thomas,Female,tiffany08@example.com,242
124,Raymond,Combs,Male,jessewells@example.org,157
125,Zachary,Giles,Female,ybishop@example.org,79
126,Joel,Nichols,Male,christinamoore@example.net,152
127,Casey,Dawson,Female,idickerson@example.org,31
128,Joshua,Campbell,Male,randy29@example.org,193
129,Allison,Howell,Male,jenniferjohnston@example.org,2
130,Hannah,Lowe,Female,dchoi@example.com,185
131,Michelle,Thompson,Female,dianejackson@example.net,42
132,Emily,Cobb,Male,jenniferstevens@example.net,237
133,Brianna,Short,Female,zyang@example.com,241
134,Matthew,Campbell,Male,melanie98@example.org,195
135,Angela,Sullivan,Female,michael94@example.org,117
136,William,Thompson,Male,katherinehall@example.net,197
137,William,Hernandez,Female,jvasquez@example.com,161
138,Shelby,Lee,Female,dickersonelizabeth@example.net,247
139,Toni,Fowler,Male,rogerspaul@example.net,213
140,Brad,King,Male,jonesjames@example.com,98
141,Brenda,Wong,Male,gjones@example.net,219
142,Gina,Richards,Male,lpage@example.com,28
143,Ariel,Evans,Male,sean19@example.com,73
144,Amanda,Lin,Male,hrichards@example.net,129
145,Jose,Leonard,Female,floresjonathan@example.com,115
146,Megan,Cruz,Female,anthony92@example.net,169
147,Rebecca,Fernandez,Male,ohenderson@example.net,144
148,Martin,Roach,Female,rebeccasteele@example.net,78
149,Albert,Ward,Male,ctorres@example.org,240
150,Jenny,Jacobs,Female,crawfordpamela@example.com,147
151,Lindsey,Cole,Male,johnjohnson@example.net,138
152,Sarah,Le,Female,brendantorres@example.com,224
153,Sheri,Fitzgerald,Male,jeremywilson@example.org,150
154,Michelle,Horne,Female,ryan64@example.org,8
155,Lauren,Johnson,Female,heidi41@example.org,197
156,Sonya,Jones,Female,tylerhayes@example.com,16
157,Martin,Williams,Female,etanner@example.net,37
158,Michelle,Robertson,Male,bakerjeffery@example.com,206
159,Ronald,Crawford,Female,jose47@example.com,98
160,Sierra,Mckay,Female,christophergrant@example.com,153
161,Emily,Barnes,Male,sheila71@example.org,87
162,Julian,Hayes,Male,warealexandra@example.org,4
163,Charles,Sanders,Female,fbuchanan@example.net,80
164,Andrew,Simmons,Female,jennifer50@example.net,51
165,Jennifer,White,Female,caitlinthompson@example.com,28
166,Joe,Price,Male,daniel70@example.com,91
167,Robert,Davis,Male,fthomas@example.net,165
168,John,Cruz,Male,swashington@example.net,179
169,Ryan,Brown,Male,dfranklin@example.com,101
170,Kristen,Hendrix,Male,mstevens@example.net,38
171,Angela,Garcia,Male,danielfischer@example.net,77
172,Samuel,Murray,Male,carpenterbryan@example.com,129
173,Sheila,Khan,Male,tonya93@example.com,167
174,Bonnie,Robinson,Male,smithbrett@example.com,77
175,Shelly,Lowe,Female,jasonburns@example.net,89
176,Michelle,Burke,Male,amber30@example.net,96
177,Billy,Nelson,Female,perezlogan@example.com,201
178,Carla,Barrett,Male,ubyrd@example.net,4
179,Jessica,Hardy,Male,frank94@example.org,78
180,Ronald,Cardenas,Female,kbrown@example.com,250
181,Timothy,Porter,Male,christopher79@example.net,219
182,Matthew,Huff,Female,adriantran@example.net,237
183,Martin,Fisher,Male,ugarcia@example.net,206
184,Dennis,Holloway,Male,richard64@example.org,231
185,Linda,Stewart,Female,chankenneth@example.com,85
186,Melissa,Wheeler,Female,rachael71@example.com,228
187,William,Diaz,Male,robert84@example.net,110
188,Dillon,Shaffer,Female,lindakaufman@example.net,166
189,Victoria,Beck,Male,andersonjoanna@example.org,148
190,Eric,Martinez,Female,kevinnorris@example.com,217
191,Richard,Paul,Female,melissa34@example.com,26
192,Robert,Rose,Male,rodgerslarry@example.net,154
193,Deborah,Rosales,Female,christinapeterson@example.net,215
194,Madison,Smith,Female,tammywhite@example.org,6
195,Jeffrey,Burns,Male,hughesjuan@example.com,140
196,Denise,Palmer,Female,pamelamitchell@example.net,199
197,Christopher,Sawyer,Male,millernicole@example.net,238
198,Ellen,Velez,Male,bonniewallace@example.com,134
199,Deborah,Riley,Female,patrick48@example.net,43
200,Antonio,Small,Male,carol48@example.com,111
201,Sarah,Lopez,Female,turnermichelle@example.org,38
202,Hailey,Ortiz,Male,lisa17@example.com,213
203,Dustin,Patterson,Female,nwade@example.com,22
204,Kevin,Moore,Male,waynecole@example.org,160
205,Thomas,Shelton,Male,gtravis@example.net,73
206,Christopher,Roberts,Female,mking@example.net,47
207,Sara,Reed,Female,brandonrodriguez@example.com,20
208,Megan,Shaffer,Female,obaker@example.com,68
209,Elizabeth,Welch,Male,wgordon@example.net,159
210,Lori,Hernandez,Female,dgreene@example.com,36
211,John,Lee,Male,jacquelinehardy@example.com,153
212,Heather,Davis,Male,hernandezrebecca@example.net,245
213,Keith,Patton,Male,solomonallison@example.com,126
214,Shane,Lee,Male,ramirezgrant@example.net,196
215,Marc,Barber,Female,wattstracy@example.net,198
216,Stephanie,Robinson,Female,manthony@example.com,41
217,Eric,Lopez,Male,sfletcher@example.net,172
218,William,Adams,Female,franklinkevin@example.org,195
219,Dawn,English,Male,amandageorge@example.net,23
220,Jimmy,Frye,Female,tony55@example.org,27
221,Nathaniel,Williams,Male,diana76@example.com,145
222,Joshua,Marks,Male,fmcfarland@example.net,185
223,Marvin,Morris,Male,lgreen@example.net,57
224,Melissa,Wagner,Male,steeleashley@example.org,126
225,Joshua,Simpson,Female,laurajohnson@example.org,100
226,Olivia,Stewart,Male,anthonybarajas@example.org,107
227,Jessica,Christensen,Male,davidwilkinson@example.com,52
228,Kimberly,Mcneil,Male,sheena14@example.com,184
229,Jose,Garza,Female,williamsmichael@example.net,241
230,Lauren,Meyer,Female,justin85@example.net,36
231,Gregory,Rice,Male,pamelabenitez@example.net,22
232,Breanna,Mcdonald,Female,dylan70@example.com,56
233,Cody,Boyer,Male,gabriellemartinez@example.org,220
234,Matthew,Wood,Female,gomezjohn@example.com,181
235,William,Chan,Female,benjaminsmith@example.com,47
236,Jodi,Stephens,Male,daniel58@example.com,91
237,Linda,King,Female,amber49@example.org,96
238,Gabrielle,Smith,Female,edgarhodges@example.com,114
239,Ashley,Sellers,Male,udonovan@example.org,137
240,Andrea,Mejia,Female,ccruz@example.org,66
241,John,Villarreal,Male,robert77@example.net,140
242,Michelle,Rose,Male,tsolis@example.org,23
243,James,Jackson,Male,wrobbins@example.org,166
244,Jamie,Villegas,Female,misty28@example.com,58
245,Guy,Ray,Male,sheila73@example.net,151
246,Kelly,Boyd,Female,lisa60@example.com,246
247,Michael,Banks,Male,friedmankari@example.net,36
248,Jasmine,Ochoa,Male,todd69@example.net,77
249,Miranda,Smith,Male,hunterbrenda@example.com,160
250,Courtney,Mendoza,Male,georgemurray@example.com,240
251,Kristin,York,Female,lesliedavis@example.org,44
252,Maria,Wells,Male,ehart@example.net,210
253,Pamela,Dominguez,Female,jessejennings@example.org,125
254,Allen,Collins,Female,robert31@example.net,177
255,Thomas,Mitchell,Female,qjones@example.net,1
256,Taylor,Peters,Male,brandon86@example.com,124
257,Cheryl,Boyle,Male,qedwards@example.org,147
258,Brandy,James,Male,billy82@example.com,198
259,Kathryn,Santana,Female,ahoffman@example.net,193
260,Randall,Jones,Male,acostaandrew@example.org,32
261,Cheryl,Calhoun,Male,austinjuan@example.com,235
262,Monica,Kennedy,Male,jeandavis@example.com,168
263,Kyle,Bryant,Female,elliottmary@example.org,2
264,Sarah,Swanson,Male,kellygriffin@example.org,154
265,Richard,Garcia,Female,angelaroberson@example.org,191
266,Jeffrey,Jackson,Male,hoodchelsea@example.net,208
267,Kirsten,Allen,Female,kelly74@example.org,128
268,Jared,Jones,Male,juliamiller@example.net,174
269,Melissa,Adams,Female,vickie44@example.com,79
270,Tanya,Parks,Male,lindseyflores@example.org,250
271,Holly,Perez,Female,williamsrobin@example.net,12
272,Wayne,Bauer,Male,paigemcdaniel@example.com,162
273,Lauren,Young,Male,jennifer21@example.org,196
274,John,Bryant,Male,mhuynh@example.com,13
275,Jesse,Schneider,Female,bruce69@example.net,34
276,Julie,Murray,Male,charles74@example.net,115
277,Aaron,Perry,Male,kphelps@example.com,235
278,Robert,Nichols,Male,ijones@example.com,104
279,Shane,Porter,Male,youngmegan@example.net,11
280,John,Gordon,Female,kthomas@example.org,12
281,Matthew,Stone,Male,dunlaplinda@example.net,80
282,Carly,Berger,Female,nicholas10@example.org,23
283,Sara,Green,Female,lance61@example.com,139
284,John,Lee,Female,ywall@example.org,216
285,Diane,Wilson,Female,rebecca76@example.net,93
286,Jeremy,Gutierrez,Male,qmcgrath@example.com,23
287,Lisa,Liu,Female,melissa49@example.org,79
288,Jimmy,Price,Male,xodom@example.net,33
289,Christine,Baker,Female,irowe@example.net,61
290,Adrian,Rogers,Female,jamielopez@example.org,14
291,Nicholas,Hill,Female,aowens@example.net,193
292,Christine,Jackson,Female,jamesnicole@example.com,91
293,Christopher,Burton,Female,wesleythompson@example.org,216
294,Sarah,Rivera,Female,collinsdevon@example.org,8
295,Joyce,Parrish,Female,amy79@example.com,128
296,Beth,Ortega,Female,anthony95@example.net,123
297,Jeffrey,Smith,Male,efox@example.net,81
298,Daniel,Trujillo,Female,wlewis@example.com,121
299,Brian,Torres,Female,lwong@example.org,211
300,Jorge,Farley,Female,randyrobertson@example.com,212
301,Jessica,Hull,Female,aimeeallen@example.com,122
302,David,Carrillo,Female,sonyasmith@example.com,159
303,Gregory,Porter,Female,ptorres@example.com,173
304,Lisa,Ryan,Female,kstone@example.com,232
305,Jennifer,Miller,Male,oroberts@example.org,207
306,Nicole,Sharp,Female,katherinewest@example.com,95
307,Gabriel,Hall,Female,perryjames@example.org,225
308,Jennifer,Morton,Male,christophermurphy@example.org,58
309,Victoria,Harrington,Female,keith11@example.net,64
310,Brian,Alexander,Male,gsmith@example.net,176
311,Natalie,Evans,Male,qfischer@example.org,49
312,David,Martin,Male,christinavaughan@example.net,171
313,Jason,Jacobs,Female,regina05@example.org,18
314,Ashley,Herrera,Female,fbrooks@example.org,62
315,Nancy,Butler,Female,jason33@example.net,123
316,Kevin,Nichols,Male,montoyajoel@example.com,169
317,Chelsea,Rogers,Male,theath@example.org,20
318,Kimberly,Robinson,Male,woodssara@example.org,58
319,Mark,White,Female,jgarcia@example.net,214
320,Kimberly,Chavez,Female,jonesjeanette@example.org,73
321,Craig,Bird,Female,jennifer74@example.com,172
322,Sheri,Hernandez,Female,rkrueger@example.org,130
323,Diane,Rivera,Female,gortega@example.org,46
324,Eric,Powell,Female,hicksgina@example.net,75
325,Robert,Baxter,Female,buckjessica@example.com,35
326,Deanna,Allen,Female,tinamartin@example.net,137
327,Patrick,Alvarado,Female,randallharvey@example.com,116
328,Sandra,Walls,Male,lmitchell@example.org,187
329,Katherine,James,Female,john61@example.com,171
330,Kyle,Campbell,Female,tonybond@example.com,140
331,John,Moses,Male,haydennathan@example.net,17
332,Lauren,Wagner,Female,jodyfranklin@example.com,228
333,Robin,Mccormick,Female,villanuevaeric@example.com,238
334,Jared,Hawkins,Female,tammy01@example.com,146
335,Larry,Kim,Female,psheppard@example.net,174
336,Lisa,Fisher,Male,jenkinsreginald@example.net,50
337,Justin,Ochoa,Male,crosbyjoanne@example.net,52
338,Alan,Wilson,Male,mitchelllucas@example.org,198
339,Philip,Manning,Male,jeremy95@example.com,171
340,Jillian,Cooper,Female,nancy40@example.org,124
341,Cassandra,Roberts,Female,vmartinez@example.com,141
342,Tammy,Bowman,Male,vanessadouglas@example.org,158
343,Jared,Patton,Male,justinjohnson@example.org,56
344,Jordan,Miller,Male,ohanson@example.com,125
345,Angela,Wright,Female,gdavis@example.com,106
346,Dustin,Patrick,Female,johnsonvincent@example.net,225
347,Luis,Huff,Female,lmarquez@example.org,191
348,Christopher,Miles,Male,thomasadriana@example.org,106
349,Lynn,Kennedy,Female,moodylaura@example.com,28
350,Diana,Rogers,Male,zsmith@example.net,181
351,David,Savage,Female,lrogers@example.org,220
352,Donna,Ortega,Female,cjordan@example.net,19
353,Martha,Simmons,Male,bferrell@example.com,164
354,James,Webb,Male,samuelaustin@example.net,82
355,Reginald,Washington,Male,brucemichelle@example.com,50
356,Christian,Figueroa,Male,ryan80@example.com,50
357,Derrick,Houston,Male,aliciaharper@example.com,160
358,Angela,Ford,Male,lisayoung@example.org,47
359,Karen,Leonard,Female,millerwendy@example.com,49
360,Mary,Roberts,Male,matthew29@example.com,144
361,Michael,Conner,Male,mortonchristopher@example.net,55
362,Stacey,Mejia,Male,steven42@example.net,64
363,Andrew,King,Female,harold88@example.org,237
364,Wyatt,Jones,Female,tammy04@example.org,201
365,Victoria,Pacheco,Female,william43@example.com,246
366,Zachary,Adams,Male,frank38@example.com,218
367,Dustin,Dalton,Male,sgarcia@example.org,24
368,Gabrielle,Cherry,Male,douglas63@example.org,5
369,Wendy,Gardner,Male,diazkathy@example.net,122
370,Molly,Smith,Male,vholland@example.org,75
371,Gwendolyn,Marsh,Male,hgallagher@example.com,44
372,Elizabeth,Rodgers,Male,lrobertson@example.org,15
373,Elizabeth,Walker,Male,allisoncohen@example.org,11
374,Kathryn,Cox,Female,fosterrichard@example.net,9
375,Andrea,Fisher,Male,brian04@example.org,156
376,Grace,Flowers,Male,kayla73@example.org,182
377,Melissa,Robinson,Female,nathanduran@example.com,248
378,Brent,Thomas,Female,yreyes@example.com,113
379,Glen,Jacobs,Female,jeremy68@example.com,190
380,Rhonda,Taylor,Male,marshallchristina@example.net,205
381,Austin,Woods,Male,richardsonchristine@example.org,208
382,Ronald,Lee,Male,angelica18@example.net,1
383,Deanna,Bray,Male,codylambert@example.org,67
384,Bailey,Matthews,Male,baxterandrea@example.net,61
385,Lisa,Martin,Female,elucero@example.net,102
386,Michelle,Lee,Male,michael69@example.net,153
387,Spencer,Jones,Male,kevin35@example.com,220
388,Devin,May,Male,allendana@example.net,230
389,Matthew,Hensley,Female,stephanie66@example.org,21
390,Kristi,Reid,Female,scottdustin@example.com,81
391,Reginald,Sparks,Male,skramer@example.com,17
392,Yesenia,Peters,Female,donaldsingleton@example.net,68
393,Patricia,Santos,Female,kennedyjoshua@example.org,53
394,Erin,Rodriguez,Male,collinsjonathan@example.org,62
395,Phillip,Conway,Male,russojacob@example.com,57
396,Hannah,Williams,Male,wilsonjoel@example.net,172
397,Rachel,Middleton,Female,briannafrazier@example.org,26
398,David,Campbell,Female,harrisjohn@example.com,234
399,Miguel,Warren,Female,laurenvaughn@example.net,21
400,Tanner,Lewis,Female,hannah47@example.com,89
401,Kathleen,Marsh,Female,kennethrichardson@example.com,145
402,Diane,Roy,Female,tbates@example.com,188
403,Allen,Brooks,Male,joshuadavidson@example.org,147
404,Gabriel,Garcia,Male,pierceheather@example.com,58
405,Jennifer,Harrington,Male,loganjoseph@example.net,48
406,Allen,Jones,Female,xanderson@example.com,141
407,Michele,Boyd,Male,cunninghamrobert@example.org,156
408,James,Gutierrez,Male,kperez@example.org,192
409,Tyler,Lara,Male,smithbeth@example.com,216
410,Denise,Ellis,Male,williamsscott@example.org,48
411,Richard,Schwartz,Male,ingramgregory@example.com,228
412,Latoya,Yoder,Female,patrick67@example.net,54
413,Carol,Lewis,Female,williamrodriguez@example.com,129
414,Bethany,Ashley,Female,ljames@example.org,114
415,Christina,King,Male,john93@example.com,96
416,Tracy,Bradley,Male,zcannon@example.com,134
417,Jose,Moore,Male,joliver@example.net,70
418,Jeffrey,Allen,Male,megan33@example.org,139
419,Karen,Howard,Male,collinsdebra@example.org,243
420,Lisa,Davidson,Female,collinsveronica@example.net,177
421,Yvonne,Marshall,Male,imitchell@example.com,221
422,Larry,Williams,Female,ubrock@example.org,17
423,Sharon,Montgomery,Male,forr@example.com,120
424,Kevin,Hill,Female,ian15@example.net,20
425,David,Stevenson,Female,hatfieldjonathan@example.com,32
426,Michael,Harris,Male,zacharystevenson@example.org,157
427,Keith,Morris,Female,donna40@example.net,143
428,Kyle,Copeland,Male,zsmith@example.net,200
429,Christopher,House,Male,adamcoffey@example.org,70
430,Natalie,Molina,Female,ralph51@example.com,113
431,Christine,Ross,Male,martinezwilliam@example.org,202
432,Kevin,Morris,Female,zavalachristine@example.com,225
433,Pamela,King,Female,ygardner@example.net,154
434,Summer,Donovan,Female,jonescheryl@example.org,209
435,Meredith,Johnson,Female,paula46@example.net,155
436,Robin,Foster,Female,brightmeghan@example.org,216
437,Angela,Porter,Male,stevenwagner@example.org,215
438,Christopher,Anderson,Male,toddduran@example.net,224
439,Garrett,Macdonald,Male,simmonsdanielle@example.org,52
440,Donna,Lam,Female,sparkstracy@example.org,237
441,Anthony,Sanchez,Female,michael48@example.com,153
442,Brian,Garcia,Male,johnowens@example.net,94
443,Lucas,Martin,Female,mcdonalddaniel@example.com,24
444,Kathleen,Knight,Male,roseamy@example.net,197
445,Jennifer,Medina,Female,stephanie86@example.org,5
446,John,Hendricks,Female,andersonanthony@example.org,25
447,Shelby,Mann,Male,paulross@example.net,186
448,Rachel,Schneider,Male,nobleedward@example.org,185
449,Amy,Short,Male,gary94@example.com,239
450,Sandra,King,Male,kmoore@example.com,40
451,Reginald,Smith,Female,janet18@example.com,113
452,Marcia,Valentine,Female,sheila75@example.org,36
453,Jaclyn,Cordova,Female,mharvey@example.org,103
454,Brett,Simpson,Male,morenocorey@example.com,150
455,Matthew,Webb,Female,royallen@example.net,29
456,Robert,Johnson,Female,janicemejia@example.com,14
457,Megan,Henson,Male,codyadkins@example.com,217
458,Chelsea,Green,Female,moralesmatthew@example.net,34
459,Rebecca,Wilson,Male,tmiller@example.com,144
460,Sandra,Lambert,Female,ericjackson@example.net,211
461,Carlos,Poole,Male,wesleymcclain@example.com,191
462,Kimberly,Brown,Male,smorton@example.com,44
463,Maria,Sanders,Female,braunandrew@example.org,163
464,Connor,Lam,Male,jordanmonica@example.net,211
465,Jessica,King,Male,hallstacey@example.com,63
466,John,Aguilar,Male,brittany60@example.org,237
467,Tyler,Ortega,Male,theresa40@example.org,23
468,Sarah,Riley,Female,jenniferramirez@example.org,93
469,Angel,Walsh,Male,ramirezstacey@example.com,185
470,Michael,Jimenez,Male,thomascarter@example.net,201
471,Dean,Ward,Female,dbenton@example.com,49
472,Anthony,Matthews,Female,ramseyrichard@example.org,5
473,Andrew,Davis,Male,howens@example.net,107
474,Elizabeth,Johnson,Male,robertsnyder@example.net,210
475,Lindsey,Austin,Male,williamscharles@example.net,54
476,Donna,Thompson,Male,xjimenez@example.net,166
477,Jeffrey,Lowe,Female,alexander45@example.net,126
478,Alexis,Martinez,Male,mkennedy@example.org,133
479,Jason,Randolph,Female,jonathon92@example.net,227
480,Jamie,Gonzalez,Female,tyronejohnson@example.com,175
481,Debra,Cole,Female,cameronmark@example.com,114
482,Edward,Cole,Male,kbaker@example.org,198
483,Alexandra,Escobar,Male,michaelshelton@example.org,69
484,Jamie,Mccullough,Female,todom@example.com,5
485,Monica,Hill,Female,hcrawford@example.net,111
486,Maria,Smith,Male,uhudson@example.org,10
487,Samantha,Moore,Male,jared10@example.org,85
488,Jeffrey,Wallace,Female,savannah65@example.com,117
489,Eric,Taylor,Male,alicekim@example.com,235
490,Bobby,Green,Male,ljones@example.com,205
491,Jill,Williams,Female,shannonroberson@example.com,88
492,Brianna,Williams,Female,paul47@example.net,161
493,Jean,Duncan,Female,owatts@example.com,203
494,Travis,Horton,Male,olin@example.org,94
495,Madison,Baldwin,Female,freemanstephen@example.net,172
496,Joseph,Newton,Male,fhardin@example.net,55
497,Trevor,Becker,Male,bfarrell@example.net,150
498,William,Parsons,Female,craigsanders@example.net,75
499,Brenda,Schmidt,Male,conniehoward@example.net,80
500,Marcus,Ramirez,Female,zwalter@example.net,126
501,Julie,Gray,Female,ricky82@example.org,2
502,Robert,Todd,Female,markthompson@example.org,186
503,Edward,Johnson,Female,steven49@example.org,121
504,Susan,Brady,Female,smithkim@example.net,13
505,Alan,Chapman,Female,sbarker@example.org,176
506,Ryan,Henson,Female,calebmeyers@example.net,240
507,Allison,Wilson,Male,leah52@example.org,148
508,Sophia,Carter,Female,christopher76@example.com,249
509,Caitlyn,Salazar,Female,rebeccabryant@example.org,33
510,Andrew,Wright,Female,karahoward@example.org,83
511,Jeffrey,Hill,Female,tina88@example.org,175
512,Gabriel,Williams,Male,booneteresa@example.net,233
513,Steven,Williams,Male,gilbertelizabeth@example.net,239
514,Christopher,Cohen,Female,brownjennifer@example.org,118
515,Katie,Moreno,Male,brett74@example.org,67
516,Michael,Morton,Male,joseph96@example.org,56
517,Allison,Jennings,Male,robert32@example.org,151
518,Amber,Gay,Male,joan58@example.com,202
519,Jill,Simmons,Male,tiffany59@example.org,134
520,Tammy,Rhodes,Female,jessica14@example.com,160
521,Ashley,Summers,Male,melinda94@example.org,81
522,Crystal,Williams,Male,mowens@example.net,97
523,Melissa,Ritter,Female,graveselizabeth@example.net,45
524,Randy,Mccoy,Female,arobles@example.net,105
525,Christina,Green,Male,emma95@example.org,114
526,Zachary,Gonzalez,Male,james01@example.com,23
527,Parker,Barrera,Male,eric13@example.com,142
528,Joshua,Summers,Male,oliviafoster@example.net,137
529,Lori,Cummings,Female,james06@example.net,163
530,Jessica,Rodriguez,Male,hilllauren@example.org,123
531,Jeffrey,Wood,Female,crodriguez@example.net,180
532,Kelly,Phelps,Female,moyerjacob@example.com,26
533,Ashley,Mcgee,Female,michael76@example.net,162
534,Chris,Gordon,Male,andrew21@example.net,228
535,Jacqueline,Jones,Male,hartmankelly@example.net,65
536,Theresa,James,Female,candice71@example.com,77
537,Patrick,Marsh,Male,gonzalezshane@example.org,14
538,Jacqueline,Rogers,Female,juliegutierrez@example.org,236
539,Kenneth,Williams,Male,kelleyemily@example.net,223
540,Ellen,Holder,Male,browncameron@example.com,42
541,John,Orr,Male,kimberlybeltran@example.com,236
542,Debra,Montoya,Male,progers@example.org,70
543,Calvin,Sparks,Male,mark38@example.net,133
544,Gary,White,Male,alexhall@example.com,183
545,Christopher,Mclaughlin,Female,jonsmith@example.net,96
546,Gerald,Jones,Male,reeveslisa@example.net,197
547,Robert,Conrad,Male,carloshuffman@example.com,72
548,David,Brown,Female,tammyblankenship@example.org,180
549,Michael,Williams,Female,robertsherman@example.com,20
550,Daniel,Miller,Female,ashley03@example.net,245
551,Tammy,Kelly,Male,fvalencia@example.net,191
552,Samantha,Roman,Female,ybecker@example.com,246
553,Pamela,Chambers,Male,jkirby@example.com,81
554,Jennifer,Holland,Female,steven81@example.net,130
555,Antonio,Buckley,Female,amontes@example.org,130
556,Deborah,Mckee,Male,usaunders@example.com,73
557,Elizabeth,Smith,Male,ashleylarson@example.net,226
558,Cameron,Crawford,Male,zdavis@example.com,127
559,Jesus,Edwards,Male,herreraanthony@example.org,43
560,Neil,Black,Female,ruizrachael@example.com,219
561,Deborah,Robbins,Female,matthewgordon@example.org,127
562,Kimberly,Lee,Male,nwillis@example.net,202
563,Clayton,Cortez,Female,tina64@example.net,63
564,Rachel,Wilson,Male,hshepherd@example.com,15
565,Samuel,Scott,Female,donald56@example.net,127
566,Wendy,Dalton,Female,cnicholson@example.net,219
567,Kimberly,Ingram,Female,thompsonwilliam@example.com,32
568,Eric,Hansen,Male,michaelpeters@example.net,153
569,Kristin,Krueger,Female,fergusonjulia@example.net,87
570,Emily,Miller,Female,ojohnson@example.org,172
571,Charles,Smith,Female,cervantesaustin@example.org,229
572,Jeffrey,Bennett,Male,palmerscott@example.net,71
573,Daniel,Kirk,Male,alopez@example.org,224
574,Maria,Schmidt,Male,ofarley@example.org,28
575,Kim,Guerrero,Female,ulee@example.net,248
576,Mark,Jones,Male,nicholesavage@example.org,90
577,David,Henry,Male,lauren75@example.net,45
578,Bethany,Hobbs,Female,pricebrian@example.net,52
579,Julian,King,Male,westlori@example.com,100
580,Anthony,Moore,Female,katie30@example.com,179
581,Kevin,Yang,Male,amanda77@example.net,230
582,Fernando,Torres,Male,haleycruz@example.com,234
583,David,Bryant,Male,msmith@example.com,247
584,Katherine,Fisher,Female,dtran@example.net,82
585,Jacqueline,Costa,Male,jesushahn@example.org,83
586,Brittney,Dennis,Female,kevinbennett@example.com,170
587,Sandra,Ritter,Female,hectorcampbell@example.org,169
588,Lori,Baker,Male,rachelhutchinson@example.org,212
589,Jose,Jordan,Male,parkerponce@example.com,185
590,Maria,Fitzpatrick,Male,wellstasha@example.org,174
591,Alicia,Horton,Female,jade21@example.com,208
592,Kenneth,Marks,Male,snyderjeff@example.net,118
593,Jeffrey,Hartman,Female,michaelfranklin@example.org,4
594,Carol,Gonzales,Male,michael36@example.com,112
595,Christopher,Martin,Male,anthonydavis@example.com,210
596,Abigail,Gould,Female,bwilson@example.com,193
597,Evelyn,Walters,Male,duncanjoshua@example.org,225
598,Kayla,Bowman,Male,juanmorton@example.org,15
599,Chad,Fernandez,Male,paulliu@example.net,228
600,Jennifer,Gonzales,Male,barnettscott@example.com,227
601,Charles,Stevens,Female,singhanthony@example.net,13
602,Anna,Gibson,Male,lawsonsarah@example.org,164
603,William,Martin,Female,sanchezkatie@example.com,33
604,Carl,Sullivan,Male,angelicadavis@example.net,85
605,Laura,Ortiz,Female,sarah91@example.com,56
606,Jennifer,Byrd,Male,horneshawn@example.net,130
607,Jessica,Adams,Female,davisadam@example.net,245
608,Joseph,Mcdaniel,Female,amber24@example.com,244
609,Samuel,Walker,Female,alexandrabrown@example.com,51
610,Shawn,Long,Male,marshallpeggy@example.org,49
611,Katherine,Vazquez,Male,jadebush@example.com,32
612,Jamie,Hernandez,Female,jason14@example.com,52
613,Danny,Gordon,Female,josephlarsen@example.org,23
614,Andres,Tucker,Female,umorales@example.org,99
615,Dalton,Perez,Male,deleonshawn@example.org,229
616,William,Lopez,Male,chloevilla@example.com,118
617,Anna,Gibson,Female,dlutz@example.com,66
618,Kristin,Nelson,Female,uperez@example.com,182
619,Jonathan,Schwartz,Male,wilsonstephen@example.org,230
620,Karen,Larson,Male,sandra44@example.org,89
621,Lauren,Duncan,Male,richard73@example.net,118
622,Joseph,Luna,Female,zacharyhale@example.org,242
623,Jon,Craig,Female,fwells@example.net,50
624,Raymond,Sutton,Female,brandy85@example.net,234
625,Paula,Rice,Male,ebryant@example.com,21
626,David,Martinez,Male,pagecasey@example.net,189
627,Evan,Gonzalez,Male,aduran@example.org,209
628,Meagan,Patton,Female,njones@example.net,222
629,Corey,Burns,Male,riossamuel@example.net,82
630,Michael,Gonzalez,Female,perezjames@example.net,151
631,Melanie,Phillips,Female,iward@example.org,182
632,Robert,Wilson,Male,jeffrey64@example.net,119
633,Jennifer,Craig,Female,michaelbriggs@example.net,44
634,Gregory,Sullivan,Female,dchavez@example.org,31
635,Stephanie,Graves,Female,chenbrittany@example.org,27
636,Edward,Hebert,Female,kathrynmason@example.org,229
637,Ross,Miller,Female,vmyers@example.org,102
638,Matthew,Lopez,Female,frederick64@example.com,74
639,Michael,Lamb,Female,kristenfriedman@example.com,241
640,Shannon,Stephens,Female,joneslawrence@example.org,69
641,Sharon,King,Female,martinerika@example.org,164
642,Spencer,Hicks,Female,michael36@example.org,76
643,Samantha,Munoz,Male,jeffreynewman@example.org,37
644,Robert,Wells,Female,lisagoodman@example.com,124
645,Ann,Wallace,Female,kelleydebra@example.com,88
646,Melissa,Terrell,Female,jchambers@example.com,64
647,Jeremy,Davis,Male,andersonerik@example.com,232
648,Marc,Tyler,Male,pamela30@example.com,14
649,Ryan,Wood,Male,andrewryan@example.org,24
650,Tammy,Mcfarland,Female,oliverdaniel@example.com,237
651,Brian,Bryant,Male,laurieolsen@example.com,77
652,Shannon,Bennett,Female,chase61@example.net,214
653,Thomas,Martinez,Female,colewillis@example.com,69
654,David,Rivera,Female,abeltran@example.org,170
655,Todd,Torres,Female,tadams@example.com,116
656,Lauren,Hughes,Female,nelsonbreanna@example.com,226
657,Teresa,Santos,Female,bshepherd@example.com,184
658,Amy,Herman,Male,huynhjohn@example.org,233
659,Jared,Solomon,Male,ricardo75@example.com,18
660,Frederick,Kane,Male,pruittangela@example.com,241
661,Karen,Walsh,Male,sheila89@example.org,222
662,Ray,Carson,Male,andersonjames@example.net,24
663,Kelli,Moore,Male,millsrobert@example.net,41
664,Jeffrey,Ortiz,Female,sara45@example.net,46
665,Jennifer,Griffith,Female,gregorytownsend@example.net,249
666,Aaron,Conner,Female,luis63@example.net,68
667,Micheal,Rogers,Female,rebeccafletcher@example.com,146
668,Danielle,Lee,Male,cruzmichael@example.net,32
669,Mario,Jones,Male,michael33@example.org,218
670,Oscar,Clarke,Male,shawn94@example.net,30
671,Tim,Marshall,Female,michelledavis@example.org,45
672,Robin,Lynch,Female,esanchez@example.com,8
673,Timothy,Reese,Female,rosariolaurie@example.net,4
674,Jennifer,Bush,Male,craiglinda@example.net,97
675,Tracey,Jones,Male,zmartin@example.net,204
676,Linda,Wheeler,Female,randy34@example.com,239
677,James,Powell,Male,shirley27@example.com,56
678,Megan,Roberts,Female,smithpatrick@example.net,35
679,Jim,Johnson,Male,wangandrew@example.net,32
680,Jose,Stewart,Male,lloydbenjamin@example.com,175
681,Tracy,Phillips,Female,caldwellcarmen@example.com,186
682,Matthew,Stout,Male,mmoore@example.net,156
683,Mark,Bailey,Male,bhernandez@example.com,155
684,Jennifer,Watson,Female,bergeddie@example.com,77
685,Vanessa,Fields,Female,mcmillananna@example.org,97
686,Donald,Cooper,Male,ydavis@example.org,41
687,Mary,Pearson,Male,yolanda71@example.net,205
688,Gregory,Fowler,Male,paynemorgan@example.com,3
689,James,Holt,Female,megan98@example.net,62
690,Michael,Rodriguez,Male,btapia@example.org,68
691,Lisa,Carrillo,Male,vsimmons@example.net,47
692,David,Davis,Female,gutierreznicole@example.com,24
693,Jacqueline,Pena,Female,sanchezscott@example.net,183
694,Tiffany,Small,Male,garzamatthew@example.org,149
695,Daniel,Padilla,Female,jacob34@example.net,108
696,Margaret,Reed,Male,ryansandoval@example.com,174
697,Matthew,Turner,Male,ebishop@example.org,151
698,Misty,Liu,Male,jeffrey55@example.com,53
699,Brandon,Lee,Male,aliciadiaz@example.org,114
700,Benjamin,Lewis,Male,brandondelacruz@example.net,148
701,Kyle,Cummings,Male,jennifer97@example.com,176
702,Michael,Williams,Female,stephen55@example.net,203
703,Linda,Stevenson,Male,longpeggy@example.com,77
704,Clifford,Hodges,Female,johnrodriguez@example.com,144
705,Wendy,Mann,Male,kellyerin@example.com,156
706,Robert,Kelly,Female,branchkelli@example.com,246
707,Beverly,Flores,Male,burnsryan@example.org,124
708,Elizabeth,Adams,Male,cameronyoung@example.com,85
709,Joseph,Patel,Male,naguilar@example.org,219
710,Michael,Odonnell,Male,jamieferguson@example.net,54
711,Ana,Conley,Female,igoodman@example.net,74
712,Breanna,Smith,Female,lynnmartin@example.com,112
713,Michael,Ramirez,Female,kmartin@example.org,31
714,Wanda,Willis,Female,xtran@example.org,136
715,Joseph,James,Male,zmack@example.net,16
716,Jeffrey,Long,Male,williamsjustin@example.org,119
717,Daniel,Lawrence,Female,nancysanders@example.org,164
718,Melissa,Padilla,Male,michaeljensen@example.net,48
719,Wayne,Anderson,Male,alarsen@example.net,21
720,Scott,Dougherty,Male,kristina97@example.net,126
721,Rick,Riggs,Female,melissalawson@example.com,191
722,Sarah,Thomas,Male,mcoffey@example.org,86
723,Susan,Petty,Female,smithdouglas@example.com,143
724,Barry,Kramer,Male,morganchristian@example.org,22
725,James,Downs,Male,grimeskenneth@example.com,140
726,Jennifer,Benton,Male,fphillips@example.com,138
727,John,Wolfe,Male,stephen00@example.net,203
728,Angela,Schmidt,Female,wjennings@example.net,186
729,Anna,Roy,Female,marshanthony@example.net,182
730,Mark,Wong,Female,curtischristian@example.com,151
731,Gerald,Torres,Male,alexandermitchell@example.com,146
732,Maureen,Krause,Male,zcaldwell@example.org,223
733,Jacob,Haley,Male,nnguyen@example.com,45
734,Derrick,Prince,Male,dyertracy@example.org,149
735,Patricia,Scott,Male,hendersontracy@example.net,84
736,Jessica,Phillips,Female,tammysmith@example.org,131
737,Cheryl,Williams,Female,hbarton@example.org,195
738,Tony,Mejia,Male,alison19@example.org,59
739,Denise,Torres,Male,mcintyredavid@example.com,231
740,Jonathan,West,Female,daykylie@example.com,207
741,Daniel,Gamble,Male,alexandra06@example.net,132
742,Brian,Vincent,Female,bryan73@example.org,43
743,Crystal,Carpenter,Male,joanne82@example.org,169
744,Autumn,Obrien,Male,jason87@example.net,158
745,Stephen,Watkins,Female,patrick02@example.org,200
746,Linda,Jones,Male,handerson@example.net,213
747,Christopher,Lewis,Female,gatesshelby@example.com,18
748,Jacob,Glenn,Female,david29@example.com,56
749,Darrell,Scott,Male,hbaker@example.net,192
750,Danielle,Pugh,Male,duketodd@example.org,157
751,Lisa,Farmer,Female,harrelllauren@example.net,149
752,Joshua,Burns,Female,katelyn54@example.org,139
753,John,Espinoza,Male,kaufmanjessica@example.net,2
754,Caitlin,Riggs,Female,bethbarton@example.com,53
755,Michael,Ramos,Male,adamowens@example.com,112
756,Evan,Bush,Male,daniel80@example.net,220
757,Laura,Smith,Female,charles45@example.org,80
758,Tracy,Scott,Male,ronaldalvarez@example.net,115
759,Wanda,Bradley,Male,amanda68@example.net,93
760,Lisa,White,Female,xcohen@example.net,44
761,Luke,Castillo,Female,chelseaturner@example.com,188
762,Ralph,Gonzalez,Male,summermolina@example.net,121
763,John,Davidson,Female,daniel62@example.net,13
764,Tabitha,Carlson,Male,kgarcia@example.org,141
765,Nicole,Myers,Male,paula88@example.com,121
766,Courtney,Mack,Male,sherrybates@example.net,75
767,Natasha,Salinas,Female,jeremiah63@example.org,92
768,Edward,Yang,Male,monicamcbride@example.net,125
769,Douglas,Williams,Female,tiffany41@example.org,62
770,Melanie,Weber,Male,andrewlyons@example.com,32
771,Connie,Dixon,Female,shannonbooth@example.com,10
772,Barbara,Gordon,Male,sean54@example.net,178
773,Elizabeth,Foster,Male,christopher39@example.org,85
774,Debra,Torres,Female,dannyarmstrong@example.org,136
775,Debra,Cruz,Male,anthonybarrett@example.com,146
776,Jennifer,Cook,Female,williamssharon@example.net,99
777,Michele,Hayden,Female,alexanderjeffrey@example.net,88
778,Timothy,Stokes,Female,rodriguezjennifer@example.com,214
779,Brandon,Flowers,Male,olivermaureen@example.org,201
780,Maria,English,Female,smithmariah@example.net,54
781,Andrea,Page,Male,antonio57@example.net,195
782,William,Ward,Female,bradley71@example.net,28
783,Eugene,Martin,Male,sanchezwilliam@example.net,195
784,Jackie,Myers,Male,kimdebra@example.net,182
785,Stephanie,Higgins,Male,annacarrillo@example.net,220
786,Courtney,West,Female,ashley02@example.net,167
787,Wayne,Allen,Female,watsonjennifer@example.org,31
788,Emily,Warren,Female,jpearson@example.net,178
789,Diane,Berger,Male,richardquinn@example.net,24
790,Patricia,Strong,Male,shawn88@example.org,182
791,Tara,Acosta,Male,maria79@example.net,236
792,Kenneth,Ball,Female,karenwoods@example.net,199
793,Cindy,Gray,Female,mathispatrick@example.org,11
794,Victoria,Rodriguez,Female,gravesheather@example.org,20
795,Timothy,Baker,Female,crystalhall@example.com,177
796,Erin,Thomas,Female,perezeric@example.net,238
797,Christina,Valenzuela,Female,christopherstephens@example.org,128
798,Lauren,Alvarado,Male,costakelsey@example.net,107
799,Lori,Murphy,Female,garcianancy@example.org,210
800,Becky,Lopez,Female,mistypadilla@example.net,238
801,Robert,Nunez,Male,michaelscott@example.org,195
802,Sharon,Oneal,Female,stevenwilson@example.net,173
803,Gavin,Vasquez,Female,brownalexander@example.com,153
804,Andre,Lane,Female,obush@example.org,196
805,Maria,Rodriguez,Male,johnlee@example.com,55
806,Lisa,Morgan,Male,yaustin@example.org,39
807,Kimberly,Davis,Male,knightmichelle@example.net,135
808,Andrea,Guerra,Female,jordanamanda@example.org,117
809,Deborah,Santos,Female,wchapman@example.com,222
810,Rebecca,Thompson,Female,eaguirre@example.org,136
811,Christopher,Gutierrez,Male,kathryn83@example.com,156
812,Julia,Brown,Female,llee@example.org,88
813,Stephanie,Allen,Female,cherylschaefer@example.org,96
814,Jeffrey,Woods,Female,vbradley@example.net,170
815,Kelly,Hernandez,Male,tadams@example.com,149
816,Diana,Bell,Male,ulloyd@example.com,71
817,Linda,Higgins,Female,davidstewart@example.com,226
818,Garrett,Baker,Male,kimberlywright@example.com,160
819,Kevin,Nelson,Male,connie83@example.net,28
820,Katherine,Brown,Female,wilsonrhonda@example.net,28
821,Amber,Schneider,Female,allenchristina@example.net,60
822,Timothy,Norman,Female,brianmartinez@example.org,240
823,Amber,Daniel,Male,coxjacob@example.net,102
824,Jonathan,Garrison,Female,vrichards@example.net,186
825,Jorge,Garcia,Male,hughesdeborah@example.net,34
826,Stephanie,Martinez,Female,dgreene@example.org,17
827,Daniel,Acevedo,Female,jamie61@example.org,150
828,Courtney,Wells,Male,anthonyacosta@example.org,124
829,Roger,Morris,Female,robertpatton@example.net,22
830,Carla,Ortiz,Female,hornantonio@example.com,171
831,Kristin,Blankenship,Male,xhumphrey@example.com,149
832,Christian,Garcia,Female,pdouglas@example.org,87
833,Mary,Jones,Female,moyermitchell@example.net,199
834,Douglas,Graham,Male,saundersdana@example.com,147
835,Benjamin,Osborne,Female,scottjennifer@example.com,115
836,Michael,Hampton,Male,morgan81@example.org,167
837,Dana,Morgan,Male,armstrongrandy@example.org,48
838,Kathryn,Hernandez,Male,justinbarry@example.com,179
839,Diane,Perez,Female,zgarcia@example.org,117
840,Cheryl,Cooper,Female,melissabennett@example.net,143
841,Christian,Mueller,Male,bwalker@example.com,210
842,Bryan,Anderson,Male,peterkramer@example.com,162
843,Jeffery,Washington,Male,alvarezmichael@example.net,10
844,Tammy,King,Male,jamie18@example.org,72
845,Caleb,Gonzales,Female,millerdarryl@example.net,61
846,Samantha,Knight,Female,parksjacob@example.org,113
847,Brenda,Richard,Male,mooreerin@example.org,94
848,Wanda,Sanders,Male,xlee@example.org,137
849,Timothy,Brooks,Male,greensherry@example.net,17
850,Kaitlyn,Morris,Female,uflores@example.org,247
851,Crystal,Bender,Male,claytonwolf@example.com,109
852,Kristin,Morales,Female,russell81@example.com,83
853,Thomas,Russell,Female,floresjames@example.org,248
854,Monica,Gilbert,Female,vreed@example.net,31
855,Mary,Perry,Male,simmonsjoseph@example.net,228
856,Stephanie,Skinner,Female,ericsanders@example.net,185
857,Angela,Landry,Male,tmitchell@example.net,190
858,Jessica,Martinez,Male,fletcherralph@example.net,112
859,Aaron,Miller,Male,olloyd@example.net,195
860,Tonya,Cunningham,Male,harrisjose@example.com,78
861,David,Lewis,Female,campossabrina@example.org,74
862,Kayla,Nguyen,Female,andrew09@example.org,176
863,Sarah,Drake,Male,rcox@example.com,16
864,Stephanie,Mcdonald,Male,adamsvalerie@example.net,135
865,Samantha,Meyers,Male,shane38@example.net,29
866,Melissa,Edwards,Male,xbryan@example.org,100
867,Elizabeth,Mitchell,Male,wmartinez@example.org,123
868,Samuel,Hill,Male,ana27@example.net,221
869,Kevin,Keller,Female,devon57@example.net,110
870,Katrina,Schultz,Female,tonya32@example.org,246
871,Martha,Mendez,Male,hendrixangela@example.com,230
872,Crystal,Chambers,Male,browndouglas@example.com,209
873,Jeffrey,Walker,Male,cjennings@example.com,133
874,Jeffrey,Williams,Male,victorhughes@example.com,230
875,Christopher,Mccullough,Female,nfox@example.net,89
876,Christopher,Jackson,Male,laura72@example.org,81
877,Jacob,Johnston,Male,griffinnicholas@example.net,186
878,Jeremy,Heath,Male,jennifer96@example.com,97
879,Richard,Wall,Female,xmelton@example.com,45
880,Erika,Cooke,Female,chasemurphy@example.org,133
881,Ashley,Phillips,Male,brownellen@example.net,97
882,Laura,Levine,Female,kenneth47@example.org,231
883,Rebecca,Ferrell,Male,howelltony@example.com,69
884,Marissa,Adams,Female,ccarey@example.com,190
885,Jesus,Malone,Female,chavezjames@example.net,92
886,Jerry,Carter,Male,aharper@example.org,81
887,Stanley,Ayers,Male,andradenichole@example.com,11
888,Olivia,Curry,Female,pmoore@example.org,22
889,Larry,Hardy,Male,jasmine95@example.net,35
890,Brooke,Hernandez,Male,gonzalezmonica@example.net,67
891,Natalie,Bennett,Male,dylanpowell@example.com,182
892,Jerry,Snyder,Male,cherylpatterson@example.net,117
893,Kathryn,Miller,Female,kbarrett@example.org,147
894,Diane,Morgan,Male,lsalas@example.com,70
895,John,Espinoza,Male,sbrown@example.org,197
896,Brenda,Spears,Female,vrodriguez@example.com,189
897,Christopher,Gill,Male,angelamcguire@example.org,191
898,Patrick,Jones,Male,stephanieortiz@example.com,195
899,Glenn,Flynn,Male,kendra65@example.net,162
900,Chad,Howard,Male,frankmcmillan@example.net,162
901,Alicia,Murphy,Female,courtneyalexander@example.com,87
902,Tracy,Green,Male,cameron50@example.net,142
903,Emily,Taylor,Female,patrick32@example.com,58
904,Casey,King,Male,chasesteven@example.com,229
905,Catherine,Lopez,Female,johnsondavid@example.net,38
906,Michael,Goodwin,Male,njohnson@example.org,119
907,Michael,Sullivan,Female,xhardin@example.org,7
908,Kent,Rios,Male,susanbutler@example.net,223
909,Danny,Stevens,Female,mcarney@example.org,59
910,Stacey,Martin,Female,bellseth@example.org,160
911,Derek,Frederick,Female,jennifersimpson@example.net,161
912,Sarah,Sanders,Female,goodjulie@example.org,246
913,Aaron,Scott,Male,heatherhuber@example.org,108
914,Lisa,Osborne,Male,debra30@example.org,77
915,James,Salazar,Male,michelledunlap@example.com,141
916,Deborah,Watts,Female,millergwendolyn@example.net,35
917,Andrew,Hess,Female,nelsonjasmine@example.org,8
918,Stephanie,Kaiser,Male,michaelclayton@example.net,22
919,Charles,Valdez,Female,perezlinda@example.org,17
920,Luke,Lawrence,Male,claudianeal@example.com,108
921,Casey,White,Male,larsonbrian@example.com,152
922,Lynn,White,Male,hreid@example.org,247
923,David,Rojas,Male,jenkinsbarbara@example.com,94
924,Samantha,Holland,Male,gbryant@example.org,99
925,Laura,Camacho,Male,willisfrank@example.net,59
926,Marilyn,Simpson,Female,gardnerjennifer@example.net,54
927,Sheila,Kirby,Male,baileybianca@example.net,9
928,Carl,Cowan,Female,tabitha89@example.org,45
929,Sandra,Kirk,Male,doris41@example.com,50
930,Melissa,Castillo,Female,samantha49@example.com,154
931,Allen,Nguyen,Male,waynedavis@example.net,36
932,Marcus,King,Male,bramirez@example.org,1
933,Melinda,Dominguez,Female,hinesgregory@example.net,158
934,Erin,Compton,Female,gwood@example.net,140
935,David,Montgomery,Male,rhernandez@example.com,97
936,David,Jones,Female,hscott@example.com,235
937,Crystal,Chavez,Male,rhoffman@example.com,166
938,Thomas,Hale,Female,smitherica@example.com,83
939,Tiffany,Brown,Male,tgilmore@example.com,214
940,Rhonda,Johnson,Female,hsmith@example.com,118
941,Alyssa,Walker,Male,tammy92@example.org,119
942,Jenny,Jones,Male,alexandraelliott@example.net,167
943,Felicia,Peterson,Male,thomas37@example.org,161
944,Kendra,Rios,Male,susan10@example.com,78
945,Jonathan,Williams,Male,jacobthompson@example.net,200
946,Debbie,Robertson,Male,moorebrenda@example.net,238
947,Tammy,Arnold,Male,ijackson@example.net,37
948,Mary,Clark,Female,scott49@example.org,149
949,Nicole,Marshall,Female,dbradford@example.net,66
950,Brenda,Acosta,Female,williamsterri@example.com,106
951,Ian,Mullins,Female,petersbradley@example.com,83
952,Ashley,Walters,Male,marcvargas@example.net,128
953,Corey,Chen,Female,thomasmanning@example.org,56
954,Emily,George,Male,davidsonbrian@example.org,159
955,Nicholas,Clark,Female,ykennedy@example.net,221
956,Lori,Robinson,Male,john94@example.com,84
957,Joseph,May,Female,jasontravis@example.com,45
958,Crystal,Webster,Female,xnguyen@example.net,138
959,Andrea,Sosa,Female,pgonzalez@example.net,197
960,Peggy,Vazquez,Female,fross@example.com,219
961,Michael,Martin,Male,ryanderrick@example.org,169
962,Amy,Ross,Female,karendavidson@example.com,100
963,Jason,Smith,Female,brittany43@example.org,43
964,Kaitlin,Tanner,Male,pburns@example.org,202
965,Kevin,Perry,Male,jasonjackson@example.com,159
966,Frances,Martinez,Female,linda52@example.net,93
967,Anthony,Nichols,Male,joseph97@example.net,101
968,Emily,Joseph,Female,kellyperez@example.net,151
969,David,Morgan,Female,courtney43@example.net,128
970,Joseph,Davidson,Female,scottsmith@example.net,116
971,Karen,Blankenship,Female,joannasimmons@example.com,225
972,Mackenzie,Lin,Female,taylorschmidt@example.net,31
973,Tyler,Robertson,Male,jacobsjohn@example.com,187
974,Sarah,Wright,Male,leerebecca@example.com,189
975,Kayla,Montoya,Male,robert67@example.net,60
976,Phillip,Butler,Male,william02@example.net,42
977,Michelle,Huang,Female,eholmes@example.com,128
978,Calvin,Armstrong,Male,curtislewis@example.org,217
979,Lori,Dominguez,Female,johnsonthomas@example.com,240
980,Daniel,Stuart,Female,ryanwaters@example.com,214
981,John,Dickerson,Female,chandlerpamela@example.org,224
982,William,Walsh,Female,jamesanderson@example.org,148
983,Eric,Washington,Female,bhamilton@example.com,54
984,Danielle,Bradley,Male,sarah65@example.org,30
985,Joseph,Moore,Female,dillon10@example.org,47
986,Tammy,Jimenez,Female,sharonbrooks@example.org,194
987,Glenn,Lopez,Female,john89@example.com,238
988,Brandon,Stephenson,Female,aaron84@example.com,85
989,Ashley,Hoffman,Female,victormcdonald@example.org,166
990,Charles,Stokes,Male,david26@example.net,105
991,Kaitlyn,Ortiz,Male,cgriffin@example.net,149
992,Timothy,Patel,Male,william27@example.com,227
993,Michelle,Lucas,Female,karina40@example.com,95
994,Shannon,Ferguson,Male,amandayoung@example.org,193
995,Daniel,Kelly,Male,teresalee@example.com,163
996,Jeremy,Baker,Female,hsims@example.net,47
997,Sarah,Smith,Female,deanna06@example.net,208
998,Sherry,Henry,Male,gonzalezcindy@example.net,53
999,Jerry,Browning,Female,adamsjonathan@example.net,243
1000,Evan,Powers,Female,rcurry@example.org,158
